Timestamp;QPU_Name;Estado;Tareas_Normales_Cola;Trabajos_Hibridos_Cola
2026-04-30 07:39:40;Cepheus-1-108Q;ONLINE;1;0
2026-04-30 07:39:40;Garnet;ONLINE;0;0
2026-04-30 07:39:40;Forte 1;OFFLINE;8;0
2026-04-30 08:39:45;Cepheus-1-108Q;ONLINE;1;0
2026-04-30 08:39:45;Garnet;ONLINE;1;0
2026-04-30 08:39:45;Forte 1;OFFLINE;8;0
2026-04-30 09:39:51;Cepheus-1-108Q;ONLINE;0;0
2026-04-30 09:39:51;Garnet;ONLINE;0;0
2026-04-30 09:39:51;Forte 1;OFFLINE;8;0
2026-04-30 10:39:56;Cepheus-1-108Q;ONLINE;0;0
2026-04-30 10:39:56;Garnet;ONLINE;0;0
2026-04-30 10:39:56;Forte 1;OFFLINE;8;0
2026-04-30 11:40:02;Cepheus-1-108Q;ONLINE;0;0
2026-04-30 11:40:02;Garnet;ONLINE;0;0
2026-04-30 11:40:02;Forte 1;OFFLINE;8;0
2026-04-30 12:40:07;Cepheus-1-108Q;ONLINE;0;0
2026-04-30 12:40:07;Garnet;ONLINE;0;0
2026-04-30 12:40:07;Forte 1;OFFLINE;8;0
2026-04-30 13:40:13;Cepheus-1-108Q;ONLINE;0;0
2026-04-30 13:40:13;Garnet;ONLINE;0;0
2026-04-30 13:40:13;Forte 1;OFFLINE;8;0
2026-04-30 14:40:18;Cepheus-1-108Q;ONLINE;0;0
2026-04-30 14:40:18;Garnet;ONLINE;0;0
2026-04-30 14:40:18;Forte 1;OFFLINE;8;0
2026-04-30 15:40:23;Cepheus-1-108Q;ONLINE;0;0
2026-04-30 15:40:23;Garnet;ONLINE;0;0
2026-04-30 15:40:23;Forte 1;OFFLINE;8;0
2026-04-30 16:40:29;Cepheus-1-108Q;ONLINE;0;0
2026-04-30 16:40:29;Garnet;ONLINE;1;0
2026-04-30 16:40:29;Forte 1;OFFLINE;8;0
2026-04-30 17:40:35;Cepheus-1-108Q;ONLINE;0;0
2026-04-30 17:40:35;Garnet;ONLINE;0;0 (1 prioritized hybrid job running)
2026-04-30 17:40:35;Forte 1;OFFLINE;8;0
2026-04-30 18:40:41;Cepheus-1-108Q;ONLINE;0;0
2026-04-30 18:40:41;Garnet;ONLINE;0;0
2026-04-30 18:40:41;Forte 1;OFFLINE;8;0
2026-04-30 19:40:46;Cepheus-1-108Q;ONLINE;1;0
2026-04-30 19:40:46;Garnet;ONLINE;0;0
2026-04-30 19:40:46;Forte 1;OFFLINE;8;0
2026-04-30 20:40:51;Cepheus-1-108Q;ONLINE;1;0
2026-04-30 20:40:51;Garnet;ONLINE;0;0
2026-04-30 20:40:51;Forte 1;OFFLINE;8;0
2026-04-30 21:40:57;Cepheus-1-108Q;ONLINE;0;0
2026-04-30 21:40:57;Garnet;ONLINE;0;0
2026-04-30 21:40:57;Forte 1;OFFLINE;8;0
2026-04-30 22:41:02;Cepheus-1-108Q;ONLINE;0;0
2026-04-30 22:41:02;Garnet;ONLINE;0;0
2026-04-30 22:41:02;Forte 1;OFFLINE;8;0
2026-04-30 23:41:08;Cepheus-1-108Q;ONLINE;1;0
2026-04-30 23:41:08;Garnet;ONLINE;0;0
2026-04-30 23:41:08;Forte 1;OFFLINE;8;0
2026-05-01 00:41:13;Cepheus-1-108Q;ONLINE;0;0
2026-05-01 00:41:13;Garnet;ONLINE;0;0
2026-05-01 00:41:13;Forte 1;OFFLINE;8;0
2026-05-01 01:41:19;Cepheus-1-108Q;ONLINE;0;0
2026-05-01 01:41:19;Garnet;ONLINE;0;0
2026-05-01 01:41:19;Forte 1;OFFLINE;8;0
2026-05-01 02:41:24;Cepheus-1-108Q;ONLINE;0;0
2026-05-01 02:41:24;Garnet;ONLINE;1;0
2026-05-01 02:41:24;Forte 1;OFFLINE;8;0
2026-05-01 03:41:29;Cepheus-1-108Q;ONLINE;0;0
2026-05-01 03:41:29;Garnet;ONLINE;0;0
2026-05-01 03:41:29;Forte 1;OFFLINE;8;0
2026-05-01 04:41:35;Cepheus-1-108Q;ONLINE;1;0
2026-05-01 04:41:35;Garnet;ONLINE;0;0
2026-05-01 04:41:35;Forte 1;OFFLINE;8;0
2026-05-01 05:41:40;Cepheus-1-108Q;ONLINE;0;0
2026-05-01 05:41:40;Garnet;ONLINE;0;0
2026-05-01 05:41:40;Forte 1;OFFLINE;8;0
2026-05-01 06:41:46;Cepheus-1-108Q;ONLINE;0;0
2026-05-01 06:41:46;Garnet;ONLINE;0;0
2026-05-01 06:41:46;Forte 1;OFFLINE;8;0
2026-05-01 07:41:51;Cepheus-1-108Q;ONLINE;0;0
2026-05-01 07:41:51;Garnet;ONLINE;0;0
2026-05-01 07:41:51;Forte 1;OFFLINE;8;0
2026-05-01 08:41:56;Cepheus-1-108Q;ONLINE;1;0
2026-05-01 08:41:56;Garnet;ONLINE;0;0
2026-05-01 08:41:56;Forte 1;OFFLINE;8;0
2026-05-01 09:42:01;Cepheus-1-108Q;ONLINE;1;0
2026-05-01 09:42:01;Garnet;ONLINE;0;0
2026-05-01 09:42:01;Forte 1;OFFLINE;8;0
2026-05-01 10:42:07;Cepheus-1-108Q;ONLINE;1;0
2026-05-01 10:42:07;Garnet;ONLINE;0;0
2026-05-01 10:42:07;Forte 1;OFFLINE;8;0
2026-05-01 11:42:12;Cepheus-1-108Q;ONLINE;0;0
2026-05-01 11:42:12;Garnet;ONLINE;0;0
2026-05-01 11:42:12;Forte 1;OFFLINE;8;0
2026-05-01 12:42:17;Cepheus-1-108Q;ONLINE;0;0
2026-05-01 12:42:17;Garnet;ONLINE;0;0
2026-05-01 12:42:17;Forte 1;OFFLINE;8;0
2026-05-01 13:42:23;Cepheus-1-108Q;ONLINE;0;0
2026-05-01 13:42:23;Garnet;ONLINE;0;0
2026-05-01 13:42:23;Forte 1;OFFLINE;8;0
2026-05-01 14:42:29;Cepheus-1-108Q;ONLINE;1;0
2026-05-01 14:42:29;Garnet;ONLINE;0;0
2026-05-01 14:42:29;Forte 1;OFFLINE;8;0
2026-05-01 15:42:34;Cepheus-1-108Q;ONLINE;0;0
2026-05-01 15:42:34;Garnet;ONLINE;6;0
2026-05-01 15:42:34;Forte 1;OFFLINE;8;0
2026-05-01 16:42:40;Cepheus-1-108Q;ONLINE;0;0
2026-05-01 16:42:40;Garnet;ONLINE;6;0
2026-05-01 16:42:40;Forte 1;ONLINE;8;0
2026-05-01 17:42:45;Cepheus-1-108Q;ONLINE;1;0
2026-05-01 17:42:45;Garnet;ONLINE;0;0
2026-05-01 17:42:45;Forte 1;ONLINE;0;1
2026-05-01 18:42:50;Cepheus-1-108Q;ONLINE;1;0
2026-05-01 18:42:50;Garnet;ONLINE;0;0
2026-05-01 18:42:50;Forte 1;ONLINE;2;0
2026-05-01 19:42:55;Cepheus-1-108Q;ONLINE;1;0
2026-05-01 19:42:55;Garnet;ONLINE;0;0
2026-05-01 19:42:55;Forte 1;ONLINE;0;0
2026-05-01 20:43:01;Cepheus-1-108Q;ONLINE;1;0
2026-05-01 20:43:01;Garnet;ONLINE;0;0
2026-05-01 20:43:01;Forte 1;ONLINE;0;0 (1 prioritized hybrid job running)
2026-05-01 21:43:06;Cepheus-1-108Q;ONLINE;1;0
2026-05-01 21:43:06;Garnet;ONLINE;0;0
2026-05-01 21:43:06;Forte 1;ONLINE;0;0 (1 prioritized hybrid job running)
2026-05-01 22:43:12;Cepheus-1-108Q;ONLINE;0;0
2026-05-01 22:43:12;Garnet;ONLINE;0;0
2026-05-01 22:43:12;Forte 1;ONLINE;0;0
2026-05-01 23:43:17;Cepheus-1-108Q;ONLINE;0;0
2026-05-01 23:43:17;Garnet;ONLINE;0;0
2026-05-01 23:43:17;Forte 1;ONLINE;0;0
2026-05-02 00:43:23;Cepheus-1-108Q;ONLINE;1;0
2026-05-02 00:43:23;Garnet;ONLINE;1;0
2026-05-02 00:43:23;Forte 1;ONLINE;0;0
2026-05-02 01:43:28;Cepheus-1-108Q;ONLINE;2;0
2026-05-02 01:43:28;Garnet;ONLINE;1;0
2026-05-02 01:43:28;Forte 1;ONLINE;0;0
2026-05-02 02:43:34;Cepheus-1-108Q;ONLINE;0;0
2026-05-02 02:43:34;Garnet;ONLINE;1;0
2026-05-02 02:43:34;Forte 1;ONLINE;0;0
2026-05-02 03:43:39;Cepheus-1-108Q;ONLINE;0;0
2026-05-02 03:43:39;Garnet;ONLINE;1;0
2026-05-02 03:43:39;Forte 1;ONLINE;0;0
2026-05-02 04:43:44;Cepheus-1-108Q;ONLINE;1;0
2026-05-02 04:43:44;Garnet;ONLINE;1;0
2026-05-02 04:43:44;Forte 1;ONLINE;0;0
2026-05-02 05:43:49;Cepheus-1-108Q;ONLINE;0;0
2026-05-02 05:43:49;Garnet;ONLINE;1;0
2026-05-02 05:43:49;Forte 1;ONLINE;0;0
2026-05-02 06:43:54;Cepheus-1-108Q;ONLINE;0;0
2026-05-02 06:43:54;Garnet;ONLINE;1;0
2026-05-02 06:43:54;Forte 1;ONLINE;0;0
2026-05-02 07:44:00;Cepheus-1-108Q;ONLINE;1;0
2026-05-02 07:44:00;Garnet;ONLINE;1;0
2026-05-02 07:44:00;Forte 1;ONLINE;0;0
2026-05-02 08:44:05;Cepheus-1-108Q;ONLINE;1;0
2026-05-02 08:44:05;Garnet;ONLINE;1;0
2026-05-02 08:44:05;Forte 1;ONLINE;0;0
2026-05-02 09:44:11;Cepheus-1-108Q;ONLINE;1;0
2026-05-02 09:44:11;Garnet;ONLINE;1;0
2026-05-02 09:44:11;Forte 1;ONLINE;0;0
2026-05-02 10:44:16;Cepheus-1-108Q;ONLINE;0;0
2026-05-02 10:44:16;Garnet;ONLINE;1;0
2026-05-02 10:44:16;Forte 1;ONLINE;0;0
2026-05-02 11:44:22;Cepheus-1-108Q;ONLINE;0;0
2026-05-02 11:44:22;Garnet;ONLINE;1;0
2026-05-02 11:44:22;Forte 1;ONLINE;0;0
2026-05-02 12:44:27;Cepheus-1-108Q;ONLINE;0;0
2026-05-02 12:44:27;Garnet;ONLINE;1;0
2026-05-02 12:44:27;Forte 1;ONLINE;0;0
2026-05-02 13:44:33;Cepheus-1-108Q;ONLINE;0;0
2026-05-02 13:44:33;Garnet;ONLINE;1;0
2026-05-02 13:44:33;Forte 1;ONLINE;0;0
2026-05-02 14:44:39;Cepheus-1-108Q;ONLINE;0;0
2026-05-02 14:44:39;Garnet;ONLINE;1;0
2026-05-02 14:44:39;Forte 1;ONLINE;0;0
2026-05-02 15:44:44;Cepheus-1-108Q;ONLINE;0;0
2026-05-02 15:44:44;Garnet;ONLINE;3;0
2026-05-02 15:44:44;Forte 1;ONLINE;0;0
2026-05-02 16:44:50;Cepheus-1-108Q;ONLINE;0;0
2026-05-02 16:44:50;Garnet;ONLINE;3;0
2026-05-02 16:44:50;Forte 1;ONLINE;0;0
2026-05-02 17:44:55;Cepheus-1-108Q;ONLINE;0;0
2026-05-02 17:44:55;Garnet;ONLINE;3;0
2026-05-02 17:44:55;Forte 1;ONLINE;0;0
2026-05-02 18:45:00;Cepheus-1-108Q;ONLINE;0;0
2026-05-02 18:45:00;Garnet;ONLINE;3;0
2026-05-02 18:45:00;Forte 1;ONLINE;0;0
2026-05-02 19:45:05;Cepheus-1-108Q;ONLINE;1;0
2026-05-02 19:45:05;Garnet;ONLINE;3;0
2026-05-02 19:45:05;Forte 1;ONLINE;0;0
2026-05-02 20:45:11;Cepheus-1-108Q;ONLINE;1;0
2026-05-02 20:45:11;Garnet;ONLINE;3;0
2026-05-02 20:45:11;Forte 1;ONLINE;0;0
2026-05-02 21:45:16;Cepheus-1-108Q;ONLINE;0;0
2026-05-02 21:45:16;Garnet;ONLINE;3;0
2026-05-02 21:45:16;Forte 1;ONLINE;0;0
2026-05-02 22:45:22;Cepheus-1-108Q;ONLINE;0;0
2026-05-02 22:45:22;Garnet;ONLINE;3;0
2026-05-02 22:45:22;Forte 1;ONLINE;0;0
2026-05-02 23:45:27;Cepheus-1-108Q;ONLINE;1;0
2026-05-02 23:45:27;Garnet;ONLINE;4;0
2026-05-02 23:45:27;Forte 1;ONLINE;0;0
2026-05-03 00:45:33;Cepheus-1-108Q;ONLINE;1;0
2026-05-03 00:45:33;Garnet;ONLINE;4;0
2026-05-03 00:45:33;Forte 1;ONLINE;1;0
2026-05-03 01:45:38;Cepheus-1-108Q;ONLINE;0;0
2026-05-03 01:45:38;Garnet;ONLINE;4;0
2026-05-03 01:45:38;Forte 1;ONLINE;0;0
2026-05-03 02:45:44;Cepheus-1-108Q;ONLINE;0;0
2026-05-03 02:45:44;Garnet;ONLINE;4;0
2026-05-03 02:45:44;Forte 1;ONLINE;0;0
2026-05-03 03:45:49;Cepheus-1-108Q;ONLINE;0;0
2026-05-03 03:45:49;Garnet;ONLINE;4;0
2026-05-03 03:45:49;Forte 1;ONLINE;0;0
2026-05-03 04:45:54;Cepheus-1-108Q;ONLINE;0;0
2026-05-03 04:45:54;Garnet;ONLINE;4;0
2026-05-03 04:45:54;Forte 1;ONLINE;0;0
2026-05-03 05:46:00;Cepheus-1-108Q;ONLINE;0;0
2026-05-03 05:46:00;Garnet;ONLINE;4;0
2026-05-03 05:46:00;Forte 1;ONLINE;0;0
2026-05-03 06:46:05;Cepheus-1-108Q;ONLINE;0;0
2026-05-03 06:46:05;Garnet;ONLINE;4;0
2026-05-03 06:46:05;Forte 1;ONLINE;0;0
2026-05-03 07:46:10;Cepheus-1-108Q;ONLINE;1;0
2026-05-03 07:46:10;Garnet;ONLINE;4;0
2026-05-03 07:46:10;Forte 1;ONLINE;0;0
2026-05-03 08:46:15;Cepheus-1-108Q;ONLINE;2;0
2026-05-03 08:46:15;Garnet;ONLINE;4;0
2026-05-03 08:46:15;Forte 1;ONLINE;0;0
2026-05-03 09:46:20;Cepheus-1-108Q;ONLINE;0;0
2026-05-03 09:46:20;Garnet;ONLINE;4;0
2026-05-03 09:46:20;Forte 1;ONLINE;1;0
2026-05-03 10:46:25;Cepheus-1-108Q;ONLINE;0;0
2026-05-03 10:46:25;Garnet;ONLINE;4;0
2026-05-03 10:46:25;Forte 1;ONLINE;0;0
2026-05-03 11:46:31;Cepheus-1-108Q;ONLINE;0;0
2026-05-03 11:46:31;Garnet;ONLINE;8;0
2026-05-03 11:46:31;Forte 1;ONLINE;8;0
2026-05-03 12:46:35;Cepheus-1-108Q;ONLINE;0;0
2026-05-03 12:46:35;Garnet;ONLINE;8;0
2026-05-03 12:46:35;Forte 1;ONLINE;8;0
2026-05-03 13:46:41;Cepheus-1-108Q;ONLINE;0;0
2026-05-03 13:46:41;Garnet;ONLINE;8;0
2026-05-03 13:46:41;Forte 1;ONLINE;0;0
2026-05-03 14:46:46;Cepheus-1-108Q;ONLINE;1;0
2026-05-03 14:46:46;Garnet;ONLINE;8;0
2026-05-03 14:46:46;Forte 1;ONLINE;0;0
2026-05-03 15:46:52;Cepheus-1-108Q;ONLINE;0;0
2026-05-03 15:46:52;Garnet;ONLINE;8;0
2026-05-03 15:46:52;Forte 1;ONLINE;0;0
2026-05-03 16:46:57;Cepheus-1-108Q;ONLINE;0;0
2026-05-03 16:46:57;Garnet;ONLINE;9;0
2026-05-03 16:46:57;Forte 1;ONLINE;0;0
2026-05-03 17:47:03;Cepheus-1-108Q;ONLINE;0;0
2026-05-03 17:47:03;Garnet;ONLINE;9;0
2026-05-03 17:47:03;Forte 1;ONLINE;0;0
2026-05-03 18:47:08;Cepheus-1-108Q;ONLINE;0;0
2026-05-03 18:47:08;Garnet;ONLINE;9;0
2026-05-03 18:47:08;Forte 1;ONLINE;0;0
2026-05-03 19:47:14;Cepheus-1-108Q;ONLINE;1;0
2026-05-03 19:47:14;Garnet;ONLINE;9;0
2026-05-03 19:47:14;Forte 1;ONLINE;0;0
2026-05-03 20:47:19;Cepheus-1-108Q;ONLINE;1;0
2026-05-03 20:47:19;Garnet;ONLINE;9;0
2026-05-03 20:47:19;Forte 1;ONLINE;0;0
2026-05-03 21:47:25;Cepheus-1-108Q;ONLINE;0;0
2026-05-03 21:47:25;Garnet;ONLINE;9;0
2026-05-03 21:47:25;Forte 1;ONLINE;0;0
2026-05-03 22:47:31;Cepheus-1-108Q;ONLINE;0;0
2026-05-03 22:47:31;Garnet;ONLINE;9;0
2026-05-03 22:47:31;Forte 1;ONLINE;0;0
2026-05-03 23:47:36;Cepheus-1-108Q;ONLINE;0;0
2026-05-03 23:47:36;Garnet;ONLINE;9;0
2026-05-03 23:47:36;Forte 1;ONLINE;0;0
2026-05-04 00:47:41;Cepheus-1-108Q;ONLINE;0;0
2026-05-04 00:47:41;Garnet;ONLINE;0;0
2026-05-04 00:47:41;Forte 1;ONLINE;0;0
2026-05-04 01:47:47;Cepheus-1-108Q;ONLINE;0;0
2026-05-04 01:47:47;Garnet;ONLINE;1;0
2026-05-04 01:47:47;Forte 1;ONLINE;0;0
2026-05-04 02:47:52;Cepheus-1-108Q;ONLINE;1;0
2026-05-04 02:47:52;Garnet;ONLINE;1;0
2026-05-04 02:47:52;Forte 1;ONLINE;0;0
2026-05-04 03:47:57;Cepheus-1-108Q;ONLINE;0;0
2026-05-04 03:47:57;Garnet;ONLINE;0;0
2026-05-04 03:47:57;Forte 1;ONLINE;0;0
2026-05-04 04:48:03;Cepheus-1-108Q;ONLINE;0;0
2026-05-04 04:48:03;Garnet;ONLINE;0;0
2026-05-04 04:48:03;Forte 1;ONLINE;0;0 (1 prioritized hybrid job running)
2026-05-04 05:48:08;Cepheus-1-108Q;ONLINE;0;0
2026-05-04 05:48:08;Garnet;ONLINE;0;0
2026-05-04 05:48:08;Forte 1;ONLINE;1;0 (1 prioritized hybrid job running)
2026-05-04 06:48:14;Cepheus-1-108Q;ONLINE;0;0
2026-05-04 06:48:14;Garnet;ONLINE;0;0
2026-05-04 06:48:14;Forte 1;ONLINE;1;0 (1 prioritized hybrid job running)
2026-05-04 07:48:19;Cepheus-1-108Q;ONLINE;1;0
2026-05-04 07:48:19;Garnet;ONLINE;0;0
2026-05-04 07:48:19;Forte 1;ONLINE;0;0
2026-05-04 08:48:24;Cepheus-1-108Q;ONLINE;1;0
2026-05-04 08:48:24;Garnet;ONLINE;0;0
2026-05-04 08:48:24;Forte 1;ONLINE;0;0
2026-05-04 09:48:30;Cepheus-1-108Q;ONLINE;0;0
2026-05-04 09:48:30;Garnet;ONLINE;1;0
2026-05-04 09:48:30;Forte 1;ONLINE;0;0
2026-05-04 10:48:35;Cepheus-1-108Q;ONLINE;0;0
2026-05-04 10:48:35;Garnet;ONLINE;1;0
2026-05-04 10:48:35;Forte 1;ONLINE;0;0
2026-05-04 11:48:41;Cepheus-1-108Q;ONLINE;0;0
2026-05-04 11:48:41;Garnet;ONLINE;1;0
2026-05-04 11:48:41;Forte 1;ONLINE;0;0
2026-05-04 12:48:46;Cepheus-1-108Q;ONLINE;0;0
2026-05-04 12:48:46;Garnet;ONLINE;0;0
2026-05-04 12:48:46;Forte 1;ONLINE;0;0
2026-05-04 13:48:52;Cepheus-1-108Q;ONLINE;0;0
2026-05-04 13:48:52;Garnet;ONLINE;0;0
2026-05-04 13:48:52;Forte 1;ONLINE;0;0
2026-05-04 14:48:57;Cepheus-1-108Q;ONLINE;0;0
2026-05-04 14:48:57;Garnet;ONLINE;0;0
2026-05-04 14:48:57;Forte 1;ONLINE;0;0 (1 prioritized hybrid job running)
2026-05-04 15:49:03;Cepheus-1-108Q;ONLINE;0;0
2026-05-04 15:49:03;Garnet;ONLINE;6;0
2026-05-04 15:49:03;Forte 1;ONLINE;0;0
2026-05-04 16:49:08;Cepheus-1-108Q;ONLINE;0;0
2026-05-04 16:49:08;Garnet;ONLINE;6;0
2026-05-04 16:49:08;Forte 1;ONLINE;0;0
2026-05-04 17:49:14;Cepheus-1-108Q;ONLINE;0;0
2026-05-04 17:49:14;Garnet;ONLINE;0;0
2026-05-04 17:49:14;Forte 1;ONLINE;0;0
2026-05-04 18:49:19;Cepheus-1-108Q;ONLINE;0;0
2026-05-04 18:49:19;Garnet;ONLINE;0;0
2026-05-04 18:49:19;Forte 1;ONLINE;0;0
2026-05-04 19:49:24;Cepheus-1-108Q;ONLINE;0;0
2026-05-04 19:49:24;Garnet;ONLINE;0;0
2026-05-04 19:49:24;Forte 1;ONLINE;0;0 (1 prioritized hybrid job running)
2026-05-04 20:49:30;Cepheus-1-108Q;ONLINE;0;0
2026-05-04 20:49:30;Garnet;ONLINE;0;0
2026-05-04 20:49:30;Forte 1;ONLINE;0;0 (1 prioritized hybrid job running)
2026-05-04 21:49:35;Cepheus-1-108Q;ONLINE;1;0
2026-05-04 21:49:35;Garnet;ONLINE;0;0
2026-05-04 21:49:35;Forte 1;ONLINE;0;0
2026-05-04 22:49:40;Cepheus-1-108Q;ONLINE;0;0
2026-05-04 22:49:40;Garnet;ONLINE;0;0
2026-05-04 22:49:40;Forte 1;ONLINE;0;0 (1 prioritized hybrid job running)
2026-05-04 23:49:46;Cepheus-1-108Q;ONLINE;0;0
2026-05-04 23:49:46;Garnet;ONLINE;0;0
2026-05-04 23:49:46;Forte 1;ONLINE;1;1
2026-05-05 00:49:51;Cepheus-1-108Q;ONLINE;1;0
2026-05-05 00:49:51;Garnet;ONLINE;0;0
2026-05-05 00:49:51;Forte 1;ONLINE;1;1
2026-05-05 01:49:56;Cepheus-1-108Q;ONLINE;0;0
2026-05-05 01:49:56;Garnet;ONLINE;1;0
2026-05-05 01:49:56;Forte 1;ONLINE;1;0
2026-05-05 02:50:02;Cepheus-1-108Q;ONLINE;0;0
2026-05-05 02:50:02;Garnet;ONLINE;1;0
2026-05-05 02:50:02;Forte 1;ONLINE;1;0
2026-05-05 03:50:07;Cepheus-1-108Q;ONLINE;0;0
2026-05-05 03:50:07;Garnet;ONLINE;0;0
2026-05-05 03:50:07;Forte 1;ONLINE;1;0
2026-05-05 04:50:13;Cepheus-1-108Q;ONLINE;0;0
2026-05-05 04:50:13;Garnet;ONLINE;0;0
2026-05-05 04:50:13;Forte 1;ONLINE;0;0
2026-05-05 05:50:18;Cepheus-1-108Q;ONLINE;0;0
2026-05-05 05:50:18;Garnet;ONLINE;0;0
2026-05-05 05:50:18;Forte 1;ONLINE;0;0
2026-05-05 06:50:23;Cepheus-1-108Q;ONLINE;0;0
2026-05-05 06:50:23;Garnet;ONLINE;0;0
2026-05-05 06:50:23;Forte 1;ONLINE;0;0
2026-05-05 07:50:29;Cepheus-1-108Q;ONLINE;1;0
2026-05-05 07:50:29;Garnet;ONLINE;0;0
2026-05-05 07:50:29;Forte 1;ONLINE;0;0
2026-05-05 08:50:34;Cepheus-1-108Q;ONLINE;1;0
2026-05-05 08:50:34;Garnet;ONLINE;0;0
2026-05-05 08:50:34;Forte 1;ONLINE;0;0
2026-05-05 09:50:40;Cepheus-1-108Q;ONLINE;0;0
2026-05-05 09:50:40;Garnet;ONLINE;0;0
2026-05-05 09:50:40;Forte 1;ONLINE;0;0
2026-05-05 10:50:45;Cepheus-1-108Q;ONLINE;0;0
2026-05-05 10:50:45;Garnet;ONLINE;0;0
2026-05-05 10:50:45;Forte 1;ONLINE;0;0
2026-05-05 11:50:50;Cepheus-1-108Q;ONLINE;0;0
2026-05-05 11:50:50;Garnet;ONLINE;0;0
2026-05-05 11:50:50;Forte 1;ONLINE;0;0
2026-05-05 12:50:56;Cepheus-1-108Q;ONLINE;0;0
2026-05-05 12:50:56;Garnet;ONLINE;0;0
2026-05-05 12:50:56;Forte 1;ONLINE;0;0 (1 prioritized hybrid job running)
2026-05-05 13:51:01;Cepheus-1-108Q;ONLINE;0;0
2026-05-05 13:51:01;Garnet;ONLINE;0;0
2026-05-05 13:51:01;Forte 1;ONLINE;0;0 (1 prioritized hybrid job running)
2026-05-05 14:51:07;Cepheus-1-108Q;ONLINE;0;0
2026-05-05 14:51:07;Garnet;ONLINE;0;0
2026-05-05 14:51:07;Forte 1;ONLINE;1;0 (1 prioritized hybrid job running)
2026-05-05 15:51:12;Cepheus-1-108Q;ONLINE;0;0
2026-05-05 15:51:12;Garnet;ONLINE;6;0
2026-05-05 15:51:12;Forte 1;ONLINE;1;0
2026-05-05 16:51:18;Cepheus-1-108Q;ONLINE;0;0
2026-05-05 16:51:18;Garnet;ONLINE;7;0
2026-05-05 16:51:18;Forte 1;ONLINE;1;0
2026-05-05 17:51:23;Cepheus-1-108Q;ONLINE;1;0
2026-05-05 17:51:23;Garnet;ONLINE;0;0
2026-05-05 17:51:23;Forte 1;ONLINE;1;0
2026-05-05 18:51:28;Cepheus-1-108Q;ONLINE;0;0
2026-05-05 18:51:28;Garnet;ONLINE;0;0
2026-05-05 18:51:28;Forte 1;ONLINE;115;0
2026-05-05 19:51:34;Cepheus-1-108Q;ONLINE;1;0
2026-05-05 19:51:34;Garnet;ONLINE;0;0
2026-05-05 19:51:34;Forte 1;ONLINE;1;0
2026-05-05 20:51:39;Cepheus-1-108Q;ONLINE;1;0
2026-05-05 20:51:39;Garnet;ONLINE;0;0
2026-05-05 20:51:39;Forte 1;ONLINE;2;0
2026-05-05 21:51:45;Cepheus-1-108Q;ONLINE;0;0
2026-05-05 21:51:45;Garnet;ONLINE;0;0
2026-05-05 21:51:45;Forte 1;ONLINE;2;0
2026-05-05 22:51:50;Cepheus-1-108Q;ONLINE;1;0
2026-05-05 22:51:50;Garnet;ONLINE;0;0
2026-05-05 22:51:50;Forte 1;ONLINE;2;0
2026-05-05 23:51:56;Cepheus-1-108Q;ONLINE;0;0
2026-05-05 23:51:56;Garnet;ONLINE;0;0
2026-05-05 23:51:56;Forte 1;ONLINE;0;0
2026-05-06 00:52:01;Cepheus-1-108Q;ONLINE;1;0
2026-05-06 00:52:01;Garnet;ONLINE;0;0
2026-05-06 00:52:01;Forte 1;ONLINE;0;0
2026-05-06 01:52:06;Cepheus-1-108Q;ONLINE;0;0
2026-05-06 01:52:06;Garnet;ONLINE;1;0
2026-05-06 01:52:06;Forte 1;ONLINE;1;0
2026-05-06 02:52:11;Cepheus-1-108Q;ONLINE;1;0
2026-05-06 02:52:11;Garnet;ONLINE;1;0
2026-05-06 02:52:11;Forte 1;ONLINE;0;0
2026-05-06 03:52:16;Cepheus-1-108Q;ONLINE;0;0
2026-05-06 03:52:16;Garnet;ONLINE;0;0
2026-05-06 03:52:16;Forte 1;ONLINE;0;0
2026-05-06 04:52:21;Cepheus-1-108Q;ONLINE;1;0
2026-05-06 04:52:21;Garnet;ONLINE;0;0
2026-05-06 04:52:21;Forte 1;ONLINE;0;0
2026-05-06 05:52:27;Cepheus-1-108Q;ONLINE;2;0
2026-05-06 05:52:27;Garnet;ONLINE;0;0
2026-05-06 05:52:27;Forte 1;ONLINE;0;0
2026-05-06 06:52:32;Cepheus-1-108Q;ONLINE;0;0
2026-05-06 06:52:32;Garnet;ONLINE;0;0
2026-05-06 06:52:32;Forte 1;ONLINE;0;0
2026-05-06 07:52:37;Cepheus-1-108Q;ONLINE;0;0
2026-05-06 07:52:37;Garnet;ONLINE;0;0
2026-05-06 07:52:37;Forte 1;ONLINE;0;0
2026-05-06 08:52:42;Cepheus-1-108Q;ONLINE;0;0
2026-05-06 08:52:42;Garnet;ONLINE;0;0
2026-05-06 08:52:42;Forte 1;ONLINE;0;0
2026-05-06 09:52:47;Cepheus-1-108Q;ONLINE;0;0
2026-05-06 09:52:47;Garnet;ONLINE;0;0
2026-05-06 09:52:47;Forte 1;ONLINE;0;0
2026-05-06 10:52:52;Cepheus-1-108Q;ONLINE;1;0
2026-05-06 10:52:52;Garnet;ONLINE;0;0
2026-05-06 10:52:52;Forte 1;ONLINE;0;0
2026-05-06 11:52:57;Cepheus-1-108Q;ONLINE;0;0
2026-05-06 11:52:57;Garnet;ONLINE;0;0
2026-05-06 11:52:57;Forte 1;ONLINE;0;0
2026-05-06 12:53:02;Cepheus-1-108Q;ONLINE;0;0
2026-05-06 12:53:02;Garnet;ONLINE;0;0
2026-05-06 12:53:02;Forte 1;ONLINE;0;0
2026-05-06 13:53:07;Cepheus-1-108Q;ONLINE;0;0
2026-05-06 13:53:07;Garnet;ONLINE;0;0
2026-05-06 13:53:07;Forte 1;ONLINE;0;0
2026-05-06 14:53:13;Cepheus-1-108Q;ONLINE;0;0
2026-05-06 14:53:13;Garnet;ONLINE;0;0
2026-05-06 14:53:13;Forte 1;ONLINE;0;0
2026-05-06 15:53:18;Cepheus-1-108Q;ONLINE;1;0
2026-05-06 15:53:18;Garnet;ONLINE;6;0
2026-05-06 15:53:18;Forte 1;ONLINE;0;0
2026-05-06 16:53:23;Cepheus-1-108Q;ONLINE;0;0
2026-05-06 16:53:23;Garnet;ONLINE;6;0
2026-05-06 16:53:23;Forte 1;ONLINE;1;0 (1 prioritized hybrid job running)
2026-05-06 17:53:29;Cepheus-1-108Q;ONLINE;1;0
2026-05-06 17:53:29;Garnet;ONLINE;0;0
2026-05-06 17:53:29;Forte 1;ONLINE;0;0 (1 prioritized hybrid job running)
2026-05-06 18:53:34;Cepheus-1-108Q;ONLINE;0;0
2026-05-06 18:53:34;Garnet;ONLINE;0;0
2026-05-06 18:53:34;Forte 1;ONLINE;0;0 (1 prioritized hybrid job running)
2026-05-06 19:53:39;Cepheus-1-108Q;ONLINE;1;0
2026-05-06 19:53:39;Garnet;ONLINE;0;0
2026-05-06 19:53:39;Forte 1;ONLINE;0;1
2026-05-06 20:53:45;Cepheus-1-108Q;ONLINE;2;0
2026-05-06 20:53:45;Garnet;ONLINE;0;0
2026-05-06 20:53:45;Forte 1;ONLINE;0;1
2026-05-06 21:53:50;Cepheus-1-108Q;ONLINE;0;0
2026-05-06 21:53:50;Garnet;ONLINE;0;0 (1 prioritized hybrid job running)
2026-05-06 21:53:50;Forte 1;ONLINE;0;0 (1 prioritized hybrid job running)
2026-05-06 22:53:55;Cepheus-1-108Q;ONLINE;0;0
2026-05-06 22:53:55;Garnet;ONLINE;0;0
2026-05-06 22:53:55;Forte 1;ONLINE;0;0 (1 prioritized hybrid job running)
2026-05-06 23:54:01;Cepheus-1-108Q;ONLINE;0;0
2026-05-06 23:54:01;Garnet;ONLINE;0;0
2026-05-06 23:54:01;Forte 1;ONLINE;0;0
2026-05-07 00:54:07;Cepheus-1-108Q;ONLINE;0;0
2026-05-07 00:54:07;Garnet;ONLINE;0;0
2026-05-07 00:54:07;Forte 1;ONLINE;0;0
2026-05-07 01:54:12;Cepheus-1-108Q;ONLINE;0;0
2026-05-07 01:54:12;Garnet;ONLINE;1;0
2026-05-07 01:54:12;Forte 1;ONLINE;0;0
2026-05-07 02:54:17;Cepheus-1-108Q;ONLINE;0;0
2026-05-07 02:54:17;Garnet;ONLINE;1;0
2026-05-07 02:54:17;Forte 1;ONLINE;0;0
2026-05-07 03:54:22;Cepheus-1-108Q;ONLINE;0;0
2026-05-07 03:54:22;Garnet;ONLINE;0;0
2026-05-07 03:54:22;Forte 1;ONLINE;0;0
2026-05-07 04:54:27;Cepheus-1-108Q;ONLINE;0;0
2026-05-07 04:54:27;Garnet;ONLINE;0;0
2026-05-07 04:54:27;Forte 1;ONLINE;0;0
2026-05-07 05:54:32;Cepheus-1-108Q;ONLINE;0;0
2026-05-07 05:54:32;Garnet;ONLINE;0;0
2026-05-07 05:54:32;Forte 1;ONLINE;1;0
2026-05-07 06:54:38;Cepheus-1-108Q;ONLINE;0;0
2026-05-07 06:54:38;Garnet;ONLINE;0;0
2026-05-07 06:54:38;Forte 1;ONLINE;0;0
2026-05-07 07:54:43;Cepheus-1-108Q;ONLINE;2;0
2026-05-07 07:54:43;Garnet;ONLINE;0;0
2026-05-07 07:54:43;Forte 1;ONLINE;0;0
2026-05-07 08:54:48;Cepheus-1-108Q;ONLINE;2;0
2026-05-07 08:54:48;Garnet;ONLINE;0;0
2026-05-07 08:54:48;Forte 1;ONLINE;0;0
2026-05-07 09:54:53;Cepheus-1-108Q;ONLINE;0;0
2026-05-07 09:54:53;Garnet;ONLINE;0;0
2026-05-07 09:54:53;Forte 1;ONLINE;0;0
2026-05-07 10:54:59;Cepheus-1-108Q;ONLINE;0;0
2026-05-07 10:54:59;Garnet;ONLINE;7;0
2026-05-07 10:54:59;Forte 1;ONLINE;0;0
2026-05-07 11:55:04;Cepheus-1-108Q;ONLINE;0;0
2026-05-07 11:55:04;Garnet;ONLINE;8;0
2026-05-07 11:55:04;Forte 1;ONLINE;0;0
2026-05-07 12:55:09;Cepheus-1-108Q;ONLINE;0;0
2026-05-07 12:55:09;Garnet;ONLINE;8;0
2026-05-07 12:55:09;Forte 1;ONLINE;4;0
2026-05-07 13:55:15;Cepheus-1-108Q;ONLINE;0;0
2026-05-07 13:55:15;Garnet;ONLINE;15;0
2026-05-07 13:55:15;Forte 1;ONLINE;0;0
2026-05-07 14:55:20;Cepheus-1-108Q;ONLINE;1;0
2026-05-07 14:55:20;Garnet;ONLINE;1;0
2026-05-07 14:55:20;Forte 1;ONLINE;0;0
2026-05-07 15:55:25;Cepheus-1-108Q;ONLINE;0;0
2026-05-07 15:55:25;Garnet;ONLINE;10;0
2026-05-07 15:55:25;Forte 1;ONLINE;4;0
2026-05-07 16:55:30;Cepheus-1-108Q;ONLINE;0;0
2026-05-07 16:55:30;Garnet;ONLINE;11;0
2026-05-07 16:55:30;Forte 1;ONLINE;0;0
2026-05-07 17:55:35;Cepheus-1-108Q;ONLINE;0;0
2026-05-07 17:55:35;Garnet;ONLINE;0;0
2026-05-07 17:55:35;Forte 1;ONLINE;0;0
2026-05-07 18:55:39;Cepheus-1-108Q;ONLINE;0;0
2026-05-07 18:55:39;Garnet;ONLINE;0;0
2026-05-07 18:55:39;Forte 1;ONLINE;0;0
2026-05-07 19:55:45;Cepheus-1-108Q;ONLINE;5;0
2026-05-07 19:55:45;Garnet;ONLINE;0;0
2026-05-07 19:55:45;Forte 1;ONLINE;0;0
2026-05-07 20:55:50;Cepheus-1-108Q;ONLINE;18;0
2026-05-07 20:55:50;Garnet;ONLINE;0;0
2026-05-07 20:55:50;Forte 1;ONLINE;0;0
2026-05-07 21:55:55;Cepheus-1-108Q;ONLINE;0;0
2026-05-07 21:55:55;Garnet;ONLINE;0;0
2026-05-07 21:55:55;Forte 1;ONLINE;0;0
2026-05-07 22:56:01;Cepheus-1-108Q;ONLINE;0;0
2026-05-07 22:56:01;Garnet;ONLINE;0;0
2026-05-07 22:56:01;Forte 1;ONLINE;0;0
2026-05-07 23:56:07;Cepheus-1-108Q;ONLINE;0;0
2026-05-07 23:56:07;Garnet;ONLINE;0;0
2026-05-07 23:56:07;Forte 1;ONLINE;0;0
2026-05-08 00:56:12;Cepheus-1-108Q;ONLINE;0;0
2026-05-08 00:56:12;Garnet;ONLINE;0;0
2026-05-08 00:56:12;Forte 1;ONLINE;0;0
2026-05-08 01:56:17;Cepheus-1-108Q;ONLINE;0;0
2026-05-08 01:56:17;Garnet;ONLINE;1;0
2026-05-08 01:56:17;Forte 1;ONLINE;0;0
2026-05-08 02:56:22;Cepheus-1-108Q;ONLINE;0;0
2026-05-08 02:56:22;Garnet;ONLINE;4;0
2026-05-08 02:56:22;Forte 1;ONLINE;0;0
2026-05-08 03:56:27;Cepheus-1-108Q;ONLINE;0;0
2026-05-08 03:56:27;Garnet;ONLINE;0;0
2026-05-08 03:56:27;Forte 1;ONLINE;0;0
2026-05-08 04:56:32;Cepheus-1-108Q;ONLINE;0;1
2026-05-08 04:56:32;Garnet;ONLINE;0;0
2026-05-08 04:56:32;Forte 1;ONLINE;0;0
2026-05-08 05:56:38;Cepheus-1-108Q;ONLINE;0;0
2026-05-08 05:56:38;Garnet;ONLINE;0;0
2026-05-08 05:56:38;Forte 1;ONLINE;0;0
2026-05-08 06:56:43;Cepheus-1-108Q;ONLINE;0;0
2026-05-08 06:56:43;Garnet;ONLINE;0;0
2026-05-08 06:56:43;Forte 1;ONLINE;0;0
2026-05-08 07:56:48;Cepheus-1-108Q;ONLINE;1;0
2026-05-08 07:56:48;Garnet;ONLINE;0;0
2026-05-08 07:56:48;Forte 1;ONLINE;0;0
2026-05-08 08:56:54;Cepheus-1-108Q;ONLINE;3;0
2026-05-08 08:56:54;Garnet;ONLINE;0;0
2026-05-08 08:56:54;Forte 1;ONLINE;0;0
2026-05-08 09:56:59;Cepheus-1-108Q;ONLINE;0;0
2026-05-08 09:56:59;Garnet;ONLINE;0;0
2026-05-08 09:56:59;Forte 1;ONLINE;0;0
2026-05-08 10:57:04;Cepheus-1-108Q;ONLINE;0;0
2026-05-08 10:57:04;Garnet;ONLINE;0;0
2026-05-08 10:57:04;Forte 1;ONLINE;0;0
2026-05-08 11:57:09;Cepheus-1-108Q;ONLINE;0;0
2026-05-08 11:57:09;Garnet;ONLINE;0;0
2026-05-08 11:57:09;Forte 1;ONLINE;4;0
2026-05-08 12:57:15;Cepheus-1-108Q;ONLINE;0;0
2026-05-08 12:57:15;Garnet;ONLINE;0;0
2026-05-08 12:57:15;Forte 1;ONLINE;8;0
2026-05-08 13:57:20;Cepheus-1-108Q;ONLINE;0;0
2026-05-08 13:57:20;Garnet;ONLINE;0;0
2026-05-08 13:57:20;Forte 1;ONLINE;31;0
2026-05-08 14:57:25;Cepheus-1-108Q;ONLINE;0;0
2026-05-08 14:57:25;Garnet;ONLINE;0;0
2026-05-08 14:57:25;Forte 1;ONLINE;31;0
2026-05-08 15:57:31;Cepheus-1-108Q;ONLINE;1;0
2026-05-08 15:57:31;Garnet;ONLINE;142;0
2026-05-08 15:57:31;Forte 1;ONLINE;31;0
2026-05-08 16:57:36;Cepheus-1-108Q;ONLINE;1;0
2026-05-08 16:57:36;Garnet;ONLINE;151;0
2026-05-08 16:57:36;Forte 1;ONLINE;32;0
2026-05-08 17:57:41;Cepheus-1-108Q;ONLINE;0;0
2026-05-08 17:57:41;Garnet;ONLINE;0;0
2026-05-08 17:57:41;Forte 1;ONLINE;32;0
2026-05-08 18:57:46;Cepheus-1-108Q;ONLINE;0;0
2026-05-08 18:57:46;Garnet;ONLINE;0;0
2026-05-08 18:57:46;Forte 1;ONLINE;32;0
2026-05-08 19:57:52;Cepheus-1-108Q;ONLINE;1;0
2026-05-08 19:57:52;Garnet;ONLINE;0;0
2026-05-08 19:57:52;Forte 1;ONLINE;32;0
2026-05-08 20:57:57;Cepheus-1-108Q;ONLINE;1;0
2026-05-08 20:57:57;Garnet;ONLINE;0;0
2026-05-08 20:57:57;Forte 1;ONLINE;32;0
2026-05-08 21:58:02;Cepheus-1-108Q;ONLINE;1;0
2026-05-08 21:58:02;Garnet;ONLINE;0;0
2026-05-08 21:58:02;Forte 1;ONLINE;32;0
2026-05-08 22:58:07;Cepheus-1-108Q;ONLINE;0;0
2026-05-08 22:58:07;Garnet;ONLINE;0;0
2026-05-08 22:58:07;Forte 1;ONLINE;32;0
2026-05-08 23:58:12;Cepheus-1-108Q;ONLINE;0;0
2026-05-08 23:58:12;Garnet;ONLINE;0;0
2026-05-08 23:58:12;Forte 1;ONLINE;32;0
2026-05-09 00:58:18;Cepheus-1-108Q;ONLINE;0;0
2026-05-09 00:58:18;Garnet;ONLINE;1;0
2026-05-09 00:58:18;Forte 1;ONLINE;32;0
2026-05-09 01:58:23;Cepheus-1-108Q;ONLINE;0;0
2026-05-09 01:58:23;Garnet;ONLINE;1;0
2026-05-09 01:58:23;Forte 1;ONLINE;32;0
2026-05-09 02:58:28;Cepheus-1-108Q;ONLINE;0;0
2026-05-09 02:58:28;Garnet;ONLINE;1;0
2026-05-09 02:58:28;Forte 1;ONLINE;32;0
2026-05-09 03:58:34;Cepheus-1-108Q;ONLINE;0;0
2026-05-09 03:58:34;Garnet;ONLINE;1;0
2026-05-09 03:58:34;Forte 1;ONLINE;32;0
2026-05-09 04:58:39;Cepheus-1-108Q;ONLINE;0;0
2026-05-09 04:58:39;Garnet;ONLINE;1;0
2026-05-09 04:58:39;Forte 1;ONLINE;32;0
2026-05-09 05:58:44;Cepheus-1-108Q;ONLINE;0;0
2026-05-09 05:58:44;Garnet;ONLINE;1;0
2026-05-09 05:58:44;Forte 1;ONLINE;32;0
2026-05-09 06:58:49;Cepheus-1-108Q;ONLINE;0;0
2026-05-09 06:58:49;Garnet;ONLINE;1;0
2026-05-09 06:58:49;Forte 1;ONLINE;32;0
2026-05-09 07:58:54;Cepheus-1-108Q;ONLINE;0;0
2026-05-09 07:58:54;Garnet;ONLINE;1;0
2026-05-09 07:58:54;Forte 1;ONLINE;32;0
2026-05-09 08:58:59;Cepheus-1-108Q;ONLINE;0;0
2026-05-09 08:58:59;Garnet;ONLINE;1;0
2026-05-09 08:58:59;Forte 1;ONLINE;32;0
2026-05-09 09:59:05;Cepheus-1-108Q;ONLINE;0;0
2026-05-09 09:59:05;Garnet;ONLINE;1;0
2026-05-09 09:59:05;Forte 1;ONLINE;32;0
2026-05-09 10:59:10;Cepheus-1-108Q;ONLINE;0;0
2026-05-09 10:59:10;Garnet;ONLINE;1;0
2026-05-09 10:59:10;Forte 1;ONLINE;32;0
2026-05-09 11:59:15;Cepheus-1-108Q;ONLINE;0;0
2026-05-09 11:59:15;Garnet;ONLINE;1;0
2026-05-09 11:59:15;Forte 1;ONLINE;32;0
2026-05-09 12:59:20;Cepheus-1-108Q;ONLINE;0;0
2026-05-09 12:59:20;Garnet;ONLINE;1;0
2026-05-09 12:59:20;Forte 1;ONLINE;32;0
2026-05-09 13:59:25;Cepheus-1-108Q;ONLINE;0;0
2026-05-09 13:59:25;Garnet;ONLINE;1;0
2026-05-09 13:59:25;Forte 1;ONLINE;32;0
2026-05-09 14:59:30;Cepheus-1-108Q;ONLINE;0;0
2026-05-09 14:59:30;Garnet;ONLINE;1;0
2026-05-09 14:59:30;Forte 1;ONLINE;32;0
2026-05-09 15:59:35;Cepheus-1-108Q;ONLINE;0;0
2026-05-09 15:59:35;Garnet;ONLINE;1;0
2026-05-09 15:59:35;Forte 1;ONLINE;32;0
2026-05-09 16:59:40;Cepheus-1-108Q;ONLINE;0;0
2026-05-09 16:59:40;Garnet;ONLINE;1;0
2026-05-09 16:59:40;Forte 1;ONLINE;32;0
2026-05-09 17:59:46;Cepheus-1-108Q;ONLINE;0;0
2026-05-09 17:59:46;Garnet;ONLINE;2;0
2026-05-09 17:59:46;Forte 1;ONLINE;32;0
2026-05-09 18:59:52;Cepheus-1-108Q;ONLINE;0;0
2026-05-09 18:59:52;Garnet;ONLINE;2;0
2026-05-09 18:59:52;Forte 1;ONLINE;32;0
2026-05-09 19:59:57;Cepheus-1-108Q;ONLINE;1;0
2026-05-09 19:59:57;Garnet;ONLINE;3;0
2026-05-09 19:59:57;Forte 1;OFFLINE;32;0
2026-05-09 21:00:02;Cepheus-1-108Q;ONLINE;1;0
2026-05-09 21:00:02;Garnet;ONLINE;3;0
2026-05-09 21:00:02;Forte 1;OFFLINE;31;0
2026-05-09 22:00:08;Cepheus-1-108Q;ONLINE;0;0
2026-05-09 22:00:08;Garnet;ONLINE;3;0
2026-05-09 22:00:08;Forte 1;OFFLINE;31;0
2026-05-09 23:00:13;Cepheus-1-108Q;ONLINE;0;0
2026-05-09 23:00:13;Garnet;ONLINE;3;0
2026-05-09 23:00:13;Forte 1;OFFLINE;31;0
2026-05-10 00:00:18;Cepheus-1-108Q;ONLINE;0;0
2026-05-10 00:00:18;Garnet;ONLINE;4;0
2026-05-10 00:00:18;Forte 1;OFFLINE;31;0
2026-05-10 01:00:23;Cepheus-1-108Q;ONLINE;0;0
2026-05-10 01:00:23;Garnet;ONLINE;4;0
2026-05-10 01:00:23;Forte 1;OFFLINE;31;0
2026-05-10 02:00:28;Cepheus-1-108Q;ONLINE;0;0
2026-05-10 02:00:28;Garnet;ONLINE;5;0
2026-05-10 02:00:28;Forte 1;OFFLINE;31;0
2026-05-10 03:00:33;Cepheus-1-108Q;ONLINE;1;0
2026-05-10 03:00:33;Garnet;ONLINE;5;0
2026-05-10 03:00:33;Forte 1;OFFLINE;31;0
2026-05-10 04:00:39;Cepheus-1-108Q;ONLINE;0;0
2026-05-10 04:00:39;Garnet;ONLINE;5;0
2026-05-10 04:00:39;Forte 1;OFFLINE;31;0
2026-05-10 05:00:44;Cepheus-1-108Q;ONLINE;0;0
2026-05-10 05:00:44;Garnet;ONLINE;6;0
2026-05-10 05:00:44;Forte 1;OFFLINE;31;0
2026-05-10 06:00:50;Cepheus-1-108Q;ONLINE;0;0
2026-05-10 06:00:50;Garnet;ONLINE;6;0
2026-05-10 06:00:50;Forte 1;OFFLINE;31;0
2026-05-10 07:00:55;Cepheus-1-108Q;ONLINE;0;0
2026-05-10 07:00:55;Garnet;ONLINE;6;0
2026-05-10 07:00:55;Forte 1;OFFLINE;31;0
2026-05-10 08:01:00;Cepheus-1-108Q;ONLINE;0;0
2026-05-10 08:01:00;Garnet;ONLINE;6;0
2026-05-10 08:01:00;Forte 1;OFFLINE;31;0
2026-05-10 09:01:05;Cepheus-1-108Q;ONLINE;3;0
2026-05-10 09:01:05;Garnet;ONLINE;6;0
2026-05-10 09:01:05;Forte 1;OFFLINE;31;0
2026-05-10 10:01:10;Cepheus-1-108Q;ONLINE;3;0
2026-05-10 10:01:10;Garnet;ONLINE;6;0
2026-05-10 10:01:10;Forte 1;OFFLINE;31;0
2026-05-10 11:01:16;Cepheus-1-108Q;ONLINE;0;0
2026-05-10 11:01:16;Garnet;ONLINE;6;0
2026-05-10 11:01:16;Forte 1;OFFLINE;31;0
2026-05-10 12:01:21;Cepheus-1-108Q;ONLINE;0;0
2026-05-10 12:01:21;Garnet;ONLINE;6;0
2026-05-10 12:01:21;Forte 1;OFFLINE;31;0
2026-05-10 13:01:26;Cepheus-1-108Q;ONLINE;1;0
2026-05-10 13:01:26;Garnet;ONLINE;6;0
2026-05-10 13:01:26;Forte 1;OFFLINE;31;0
2026-05-10 14:01:31;Cepheus-1-108Q;ONLINE;0;0
2026-05-10 14:01:31;Garnet;ONLINE;6;0
2026-05-10 14:01:31;Forte 1;OFFLINE;31;0
2026-05-10 15:01:36;Cepheus-1-108Q;ONLINE;0;0
2026-05-10 15:01:36;Garnet;ONLINE;6;0
2026-05-10 15:01:36;Forte 1;OFFLINE;31;0
2026-05-10 16:01:41;Cepheus-1-108Q;ONLINE;0;0
2026-05-10 16:01:41;Garnet;ONLINE;6;0
2026-05-10 16:01:41;Forte 1;OFFLINE;31;0
2026-05-10 17:01:46;Cepheus-1-108Q;ONLINE;0;0
2026-05-10 17:01:46;Garnet;ONLINE;6;0
2026-05-10 17:01:46;Forte 1;OFFLINE;31;0
2026-05-10 18:01:52;Cepheus-1-108Q;ONLINE;1;0
2026-05-10 18:01:52;Garnet;ONLINE;6;0
2026-05-10 18:01:52;Forte 1;OFFLINE;31;0
2026-05-10 19:01:57;Cepheus-1-108Q;ONLINE;0;0
2026-05-10 19:01:57;Garnet;ONLINE;6;0
2026-05-10 19:01:57;Forte 1;OFFLINE;31;0
2026-05-10 20:02:03;Cepheus-1-108Q;ONLINE;1;0
2026-05-10 20:02:03;Garnet;ONLINE;7;0
2026-05-10 20:02:03;Forte 1;OFFLINE;31;0
2026-05-10 21:02:08;Cepheus-1-108Q;ONLINE;0;0
2026-05-10 21:02:08;Garnet;ONLINE;7;0
2026-05-10 21:02:08;Forte 1;OFFLINE;31;0
2026-05-10 22:02:13;Cepheus-1-108Q;ONLINE;0;0
2026-05-10 22:02:13;Garnet;ONLINE;7;0
2026-05-10 22:02:13;Forte 1;OFFLINE;31;0
2026-05-10 23:02:19;Cepheus-1-108Q;ONLINE;0;0
2026-05-10 23:02:19;Garnet;ONLINE;7;0
2026-05-10 23:02:19;Forte 1;OFFLINE;31;0
2026-05-11 00:02:24;Cepheus-1-108Q;ONLINE;0;0
2026-05-11 00:02:24;Garnet;ONLINE;0;0
2026-05-11 00:02:24;Forte 1;OFFLINE;31;0
2026-05-11 01:02:29;Cepheus-1-108Q;ONLINE;0;0
2026-05-11 01:02:29;Garnet;ONLINE;0;0
2026-05-11 01:02:29;Forte 1;OFFLINE;31;0
2026-05-11 02:02:34;Cepheus-1-108Q;ONLINE;0;0 (1 prioritized hybrid job running)
2026-05-11 02:02:34;Garnet;ONLINE;1;0
2026-05-11 02:02:34;Forte 1;OFFLINE;31;0
2026-05-11 03:02:39;Cepheus-1-108Q;ONLINE;0;0
2026-05-11 03:02:39;Garnet;ONLINE;1;0
2026-05-11 03:02:39;Forte 1;OFFLINE;31;0
2026-05-11 04:02:44;Cepheus-1-108Q;ONLINE;0;0
2026-05-11 04:02:44;Garnet;ONLINE;0;0
2026-05-11 04:02:44;Forte 1;OFFLINE;31;0
2026-05-11 05:02:50;Cepheus-1-108Q;ONLINE;0;0
2026-05-11 05:02:50;Garnet;ONLINE;0;0
2026-05-11 05:02:50;Forte 1;OFFLINE;31;0
2026-05-11 06:02:55;Cepheus-1-108Q;ONLINE;0;0
2026-05-11 06:02:55;Garnet;ONLINE;0;0
2026-05-11 06:02:55;Forte 1;OFFLINE;31;0
2026-05-11 07:03:00;Cepheus-1-108Q;ONLINE;1;0 (1 prioritized hybrid job running)
2026-05-11 07:03:00;Garnet;ONLINE;0;0
2026-05-11 07:03:00;Forte 1;OFFLINE;31;0
2026-05-11 08:03:05;Cepheus-1-108Q;ONLINE;0;0
2026-05-11 08:03:05;Garnet;ONLINE;0;0
2026-05-11 08:03:05;Forte 1;OFFLINE;31;0
2026-05-11 09:03:11;Cepheus-1-108Q;ONLINE;0;0
2026-05-11 09:03:11;Garnet;ONLINE;0;0
2026-05-11 09:03:11;Forte 1;OFFLINE;31;0
2026-05-11 10:03:16;Cepheus-1-108Q;ONLINE;0;0
2026-05-11 10:03:16;Garnet;ONLINE;0;0
2026-05-11 10:03:16;Forte 1;OFFLINE;31;0
2026-05-11 11:03:21;Cepheus-1-108Q;ONLINE;0;0
2026-05-11 11:03:21;Garnet;ONLINE;0;0
2026-05-11 11:03:21;Forte 1;OFFLINE;31;0
2026-05-11 12:03:26;Cepheus-1-108Q;ONLINE;0;0
2026-05-11 12:03:26;Garnet;ONLINE;0;0
2026-05-11 12:03:26;Forte 1;OFFLINE;31;0
2026-05-11 13:03:31;Cepheus-1-108Q;ONLINE;0;0
2026-05-11 13:03:31;Garnet;ONLINE;0;0
2026-05-11 13:03:31;Forte 1;OFFLINE;31;0
2026-05-11 14:03:36;Cepheus-1-108Q;ONLINE;0;0
2026-05-11 14:03:36;Garnet;ONLINE;0;0
2026-05-11 14:03:36;Forte 1;OFFLINE;31;0
2026-05-11 15:03:42;Cepheus-1-108Q;ONLINE;1;0
2026-05-11 15:03:42;Garnet;ONLINE;0;0
2026-05-11 15:03:42;Forte 1;OFFLINE;31;0
2026-05-11 16:03:47;Cepheus-1-108Q;ONLINE;0;0
2026-05-11 16:03:47;Garnet;ONLINE;6;0
2026-05-11 16:03:47;Forte 1;OFFLINE;31;0
2026-05-11 17:03:52;Cepheus-1-108Q;ONLINE;0;0
2026-05-11 17:03:52;Garnet;ONLINE;6;0
2026-05-11 17:03:52;Forte 1;OFFLINE;31;0
2026-05-11 18:03:57;Cepheus-1-108Q;ONLINE;1;0
2026-05-11 18:03:57;Garnet;ONLINE;0;0
2026-05-11 18:03:57;Forte 1;OFFLINE;31;0
2026-05-11 19:04:03;Cepheus-1-108Q;ONLINE;2;0
2026-05-11 19:04:03;Garnet;ONLINE;0;0
2026-05-11 19:04:03;Forte 1;OFFLINE;31;0
2026-05-11 20:04:08;Cepheus-1-108Q;ONLINE;6;0
2026-05-11 20:04:08;Garnet;ONLINE;0;0
2026-05-11 20:04:08;Forte 1;OFFLINE;31;0
2026-05-11 21:04:14;Cepheus-1-108Q;ONLINE;0;0
2026-05-11 21:04:14;Garnet;ONLINE;0;0
2026-05-11 21:04:14;Forte 1;OFFLINE;31;0
2026-05-11 22:04:19;Cepheus-1-108Q;ONLINE;1;0
2026-05-11 22:04:19;Garnet;ONLINE;1;0
2026-05-11 22:04:19;Forte 1;OFFLINE;31;0
2026-05-11 23:04:24;Cepheus-1-108Q;ONLINE;0;0
2026-05-11 23:04:24;Garnet;ONLINE;0;0
2026-05-11 23:04:24;Forte 1;OFFLINE;31;0
2026-05-12 00:04:29;Cepheus-1-108Q;ONLINE;1;0
2026-05-12 00:04:29;Garnet;ONLINE;0;0
2026-05-12 00:04:29;Forte 1;OFFLINE;31;0
2026-05-12 01:04:35;Cepheus-1-108Q;ONLINE;0;0
2026-05-12 01:04:35;Garnet;ONLINE;0;0
2026-05-12 01:04:35;Forte 1;OFFLINE;31;0
2026-05-12 02:04:40;Cepheus-1-108Q;ONLINE;0;0
2026-05-12 02:04:40;Garnet;ONLINE;2;0
2026-05-12 02:04:40;Forte 1;OFFLINE;31;0
2026-05-12 03:04:45;Cepheus-1-108Q;ONLINE;0;0
2026-05-12 03:04:45;Garnet;ONLINE;2;0
2026-05-12 03:04:45;Forte 1;OFFLINE;31;0
2026-05-12 04:04:50;Cepheus-1-108Q;ONLINE;0;0
2026-05-12 04:04:50;Garnet;ONLINE;0;0
2026-05-12 04:04:50;Forte 1;OFFLINE;31;0
2026-05-12 05:04:56;Cepheus-1-108Q;ONLINE;1;0
2026-05-12 05:04:56;Garnet;ONLINE;0;0
2026-05-12 05:04:56;Forte 1;OFFLINE;31;0
2026-05-12 06:05:01;Cepheus-1-108Q;ONLINE;0;0
2026-05-12 06:05:01;Garnet;ONLINE;0;0
2026-05-12 06:05:01;Forte 1;OFFLINE;31;0
2026-05-12 07:05:06;Cepheus-1-108Q;ONLINE;2;0
2026-05-12 07:05:06;Garnet;ONLINE;0;0
2026-05-12 07:05:06;Forte 1;OFFLINE;31;0
2026-05-12 08:05:12;Cepheus-1-108Q;ONLINE;4;0
2026-05-12 08:05:12;Garnet;ONLINE;0;0
2026-05-12 08:05:12;Forte 1;OFFLINE;31;0
2026-05-12 09:05:17;Cepheus-1-108Q;ONLINE;1;0
2026-05-12 09:05:17;Garnet;ONLINE;0;0
2026-05-12 09:05:17;Forte 1;OFFLINE;31;0
2026-05-12 10:05:22;Cepheus-1-108Q;ONLINE;0;0
2026-05-12 10:05:22;Garnet;ONLINE;0;0
2026-05-12 10:05:22;Forte 1;OFFLINE;31;0
2026-05-12 11:05:28;Cepheus-1-108Q;ONLINE;8;0
2026-05-12 11:05:28;Garnet;ONLINE;6;0
2026-05-12 11:05:28;Forte 1;OFFLINE;31;0
2026-05-12 12:05:33;Cepheus-1-108Q;ONLINE;1;0
2026-05-12 12:05:33;Garnet;ONLINE;0;0
2026-05-12 12:05:33;Forte 1;OFFLINE;31;0
2026-05-12 13:05:38;Cepheus-1-108Q;ONLINE;1;0
2026-05-12 13:05:38;Garnet;ONLINE;0;0
2026-05-12 13:05:38;Forte 1;OFFLINE;31;0
2026-05-12 14:05:43;Cepheus-1-108Q;ONLINE;1;0
2026-05-12 14:05:43;Garnet;ONLINE;0;0
2026-05-12 14:05:43;Forte 1;OFFLINE;31;0
2026-05-12 15:05:49;Cepheus-1-108Q;ONLINE;1;0
2026-05-12 15:05:49;Garnet;ONLINE;1;0
2026-05-12 15:05:49;Forte 1;OFFLINE;31;0
2026-05-12 16:05:54;Cepheus-1-108Q;ONLINE;10;0
2026-05-12 16:05:54;Garnet;ONLINE;16;0
2026-05-12 16:05:54;Forte 1;OFFLINE;31;0
2026-05-12 17:05:59;Cepheus-1-108Q;ONLINE;4;0
2026-05-12 17:05:59;Garnet;ONLINE;20;0
2026-05-12 17:05:59;Forte 1;OFFLINE;31;0
2026-05-12 18:06:05;Cepheus-1-108Q;ONLINE;3;0
2026-05-12 18:06:05;Garnet;ONLINE;0;0
2026-05-12 18:06:05;Forte 1;OFFLINE;31;0
2026-05-12 19:06:10;Cepheus-1-108Q;ONLINE;2;0
2026-05-12 19:06:10;Garnet;ONLINE;0;0
2026-05-12 19:06:10;Forte 1;OFFLINE;31;0
2026-05-12 20:06:15;Cepheus-1-108Q;ONLINE;4;0
2026-05-12 20:06:15;Garnet;ONLINE;0;0
2026-05-12 20:06:15;Forte 1;OFFLINE;31;0
2026-05-12 21:06:21;Cepheus-1-108Q;ONLINE;0;0
2026-05-12 21:06:21;Garnet;ONLINE;1;0
2026-05-12 21:06:21;Forte 1;OFFLINE;31;0
2026-05-12 22:06:26;Cepheus-1-108Q;ONLINE;6;0
2026-05-12 22:06:26;Garnet;ONLINE;0;0
2026-05-12 22:06:26;Forte 1;OFFLINE;31;0
2026-05-12 23:06:31;Cepheus-1-108Q;ONLINE;6;0
2026-05-12 23:06:31;Garnet;ONLINE;0;0
2026-05-12 23:06:31;Forte 1;OFFLINE;31;0
2026-05-13 00:06:36;Cepheus-1-108Q;ONLINE;4;0
2026-05-13 00:06:36;Garnet;ONLINE;0;0
2026-05-13 00:06:36;Forte 1;OFFLINE;31;0
2026-05-13 01:06:42;Cepheus-1-108Q;ONLINE;0;0
2026-05-13 01:06:42;Garnet;ONLINE;0;0
2026-05-13 01:06:42;Forte 1;OFFLINE;31;0
2026-05-13 02:06:47;Cepheus-1-108Q;ONLINE;1;0
2026-05-13 02:06:47;Garnet;ONLINE;0;0
2026-05-13 02:06:47;Forte 1;OFFLINE;31;0
2026-05-13 03:06:52;Cepheus-1-108Q;ONLINE;1;0
2026-05-13 03:06:52;Garnet;ONLINE;0;0
2026-05-13 03:06:52;Forte 1;OFFLINE;31;0
2026-05-13 04:06:58;Cepheus-1-108Q;ONLINE;0;0
2026-05-13 04:06:58;Garnet;ONLINE;0;0
2026-05-13 04:06:58;Forte 1;OFFLINE;31;0
2026-05-13 05:07:02;Cepheus-1-108Q;ONLINE;0;0
2026-05-13 05:07:02;Garnet;ONLINE;0;0
2026-05-13 05:07:02;Forte 1;OFFLINE;31;0
2026-05-13 06:07:07;Cepheus-1-108Q;ONLINE;0;0
2026-05-13 06:07:07;Garnet;ONLINE;0;0
2026-05-13 06:07:07;Forte 1;OFFLINE;31;0
2026-05-13 07:07:13;Cepheus-1-108Q;ONLINE;0;0
2026-05-13 07:07:13;Garnet;ONLINE;0;0
2026-05-13 07:07:13;Forte 1;OFFLINE;31;0
2026-05-13 08:07:18;Cepheus-1-108Q;ONLINE;4;0
2026-05-13 08:07:18;Garnet;ONLINE;0;0
2026-05-13 08:07:18;Forte 1;OFFLINE;31;0
2026-05-13 09:07:23;Cepheus-1-108Q;ONLINE;4;0
2026-05-13 09:07:23;Garnet;ONLINE;0;0
2026-05-13 09:07:23;Forte 1;OFFLINE;31;0
2026-05-13 10:07:29;Cepheus-1-108Q;ONLINE;0;0
2026-05-13 10:07:29;Garnet;ONLINE;1;0
2026-05-13 10:07:29;Forte 1;OFFLINE;31;0
2026-05-13 11:07:34;Cepheus-1-108Q;ONLINE;0;0
2026-05-13 11:07:34;Garnet;ONLINE;1;0
2026-05-13 11:07:34;Forte 1;OFFLINE;31;0
2026-05-13 12:07:40;Cepheus-1-108Q;ONLINE;0;0
2026-05-13 12:07:40;Garnet;ONLINE;1;0
2026-05-13 12:07:40;Forte 1;OFFLINE;31;0
2026-05-13 13:07:45;Cepheus-1-108Q;ONLINE;0;0
2026-05-13 13:07:45;Garnet;ONLINE;1;0
2026-05-13 13:07:45;Forte 1;OFFLINE;31;0
2026-05-13 14:07:50;Cepheus-1-108Q;ONLINE;1;0
2026-05-13 14:07:50;Garnet;ONLINE;0;0
2026-05-13 14:07:50;Forte 1;OFFLINE;31;0
2026-05-13 15:07:55;Cepheus-1-108Q;ONLINE;0;0
2026-05-13 15:07:55;Garnet;ONLINE;0;0
2026-05-13 15:07:55;Forte 1;OFFLINE;31;0
2026-05-13 16:08:00;Cepheus-1-108Q;ONLINE;10;0
2026-05-13 16:08:00;Garnet;ONLINE;6;0
2026-05-13 16:08:00;Forte 1;OFFLINE;31;0
2026-05-13 17:08:06;Cepheus-1-108Q;ONLINE;10;0
2026-05-13 17:08:06;Garnet;ONLINE;6;0
2026-05-13 17:08:06;Forte 1;OFFLINE;31;0
2026-05-13 18:08:11;Cepheus-1-108Q;ONLINE;10;0
2026-05-13 18:08:11;Garnet;ONLINE;0;0
2026-05-13 18:08:11;Forte 1;OFFLINE;31;0
2026-05-13 19:08:16;Cepheus-1-108Q;OFFLINE;3;0
2026-05-13 19:08:16;Garnet;ONLINE;0;0
2026-05-13 19:08:16;Forte 1;OFFLINE;31;0
2026-05-13 20:08:22;Cepheus-1-108Q;ONLINE;4;0
2026-05-13 20:08:22;Garnet;ONLINE;1;0
2026-05-13 20:08:22;Forte 1;OFFLINE;31;0
2026-05-13 21:08:27;Cepheus-1-108Q;ONLINE;4;0
2026-05-13 21:08:27;Garnet;ONLINE;0;0
2026-05-13 21:08:27;Forte 1;OFFLINE;31;0
2026-05-13 22:08:33;Cepheus-1-108Q;ONLINE;3;0
2026-05-13 22:08:33;Garnet;ONLINE;1;0
2026-05-13 22:08:33;Forte 1;OFFLINE;31;0
2026-05-13 23:08:38;Cepheus-1-108Q;ONLINE;0;0
2026-05-13 23:08:38;Garnet;ONLINE;0;0
2026-05-13 23:08:38;Forte 1;OFFLINE;31;0
2026-05-14 00:08:44;Cepheus-1-108Q;ONLINE;1;0
2026-05-14 00:08:44;Garnet;ONLINE;0;0
2026-05-14 00:08:44;Forte 1;OFFLINE;31;0
2026-05-14 01:08:49;Cepheus-1-108Q;ONLINE;1;0
2026-05-14 01:08:49;Garnet;ONLINE;0;0
2026-05-14 01:08:49;Forte 1;OFFLINE;31;0
2026-05-14 02:08:54;Cepheus-1-108Q;ONLINE;1;0
2026-05-14 02:08:54;Garnet;ONLINE;1;0
2026-05-14 02:08:54;Forte 1;OFFLINE;31;0
2026-05-14 03:08:59;Cepheus-1-108Q;ONLINE;0;0
2026-05-14 03:08:59;Garnet;ONLINE;1;0
2026-05-14 03:08:59;Forte 1;OFFLINE;31;0
2026-05-14 04:09:05;Cepheus-1-108Q;ONLINE;0;0
2026-05-14 04:09:05;Garnet;ONLINE;0;0
2026-05-14 04:09:05;Forte 1;OFFLINE;31;0
2026-05-14 05:09:10;Cepheus-1-108Q;ONLINE;0;0
2026-05-14 05:09:10;Garnet;ONLINE;0;0
2026-05-14 05:09:10;Forte 1;OFFLINE;31;0
2026-05-14 06:09:15;Cepheus-1-108Q;ONLINE;0;0
2026-05-14 06:09:15;Garnet;ONLINE;0;0
2026-05-14 06:09:15;Forte 1;OFFLINE;31;0
2026-05-14 07:09:20;Cepheus-1-108Q;ONLINE;1;0
2026-05-14 07:09:20;Garnet;ONLINE;0;0
2026-05-14 07:09:20;Forte 1;OFFLINE;31;0
2026-05-14 08:09:26;Cepheus-1-108Q;ONLINE;6;0
2026-05-14 08:09:26;Garnet;ONLINE;0;0
2026-05-14 08:09:26;Forte 1;OFFLINE;31;0
2026-05-14 09:09:31;Cepheus-1-108Q;ONLINE;0;0
2026-05-14 09:09:31;Garnet;ONLINE;0;0
2026-05-14 09:09:31;Forte 1;OFFLINE;31;0
2026-05-14 10:09:36;Cepheus-1-108Q;ONLINE;1;0
2026-05-14 10:09:36;Garnet;ONLINE;0;0
2026-05-14 10:09:36;Forte 1;OFFLINE;31;0
2026-05-14 11:09:40;Cepheus-1-108Q;ONLINE;1;0
2026-05-14 11:09:40;Garnet;ONLINE;0;0
2026-05-14 11:09:40;Forte 1;OFFLINE;31;0
2026-05-14 12:09:46;Cepheus-1-108Q;ONLINE;2;0
2026-05-14 12:09:46;Garnet;ONLINE;0;0
2026-05-14 12:09:46;Forte 1;OFFLINE;31;0
2026-05-14 13:09:51;Cepheus-1-108Q;ONLINE;0;0
2026-05-14 13:09:51;Garnet;ONLINE;0;0
2026-05-14 13:09:51;Forte 1;OFFLINE;31;0
2026-05-14 14:09:56;Cepheus-1-108Q;ONLINE;1;0
2026-05-14 14:09:56;Garnet;ONLINE;1;0
2026-05-14 14:09:56;Forte 1;OFFLINE;31;0
2026-05-14 15:10:01;Cepheus-1-108Q;ONLINE;0;0
2026-05-14 15:10:01;Garnet;ONLINE;1;0
2026-05-14 15:10:01;Forte 1;OFFLINE;31;0
2026-05-14 16:10:06;Cepheus-1-108Q;ONLINE;0;0
2026-05-14 16:10:06;Garnet;ONLINE;7;0
2026-05-14 16:10:06;Forte 1;OFFLINE;31;0
2026-05-14 17:10:12;Cepheus-1-108Q;ONLINE;0;0
2026-05-14 17:10:12;Garnet;ONLINE;8;0
2026-05-14 17:10:12;Forte 1;OFFLINE;31;0
2026-05-14 18:10:18;Cepheus-1-108Q;ONLINE;0;0
2026-05-14 18:10:18;Garnet;ONLINE;0;0
2026-05-14 18:10:18;Forte 1;OFFLINE;31;0
2026-05-14 19:10:23;Cepheus-1-108Q;ONLINE;24;0
2026-05-14 19:10:23;Garnet;ONLINE;0;0
2026-05-14 19:10:23;Forte 1;OFFLINE;31;0
2026-05-14 20:10:28;Cepheus-1-108Q;ONLINE;24;0
2026-05-14 20:10:28;Garnet;ONLINE;0;0
2026-05-14 20:10:28;Forte 1;OFFLINE;31;0
2026-05-14 21:10:34;Cepheus-1-108Q;ONLINE;0;0
2026-05-14 21:10:34;Garnet;ONLINE;0;0
2026-05-14 21:10:34;Forte 1;OFFLINE;31;0
2026-05-14 22:10:39;Cepheus-1-108Q;ONLINE;0;0
2026-05-14 22:10:39;Garnet;ONLINE;0;0
2026-05-14 22:10:39;Forte 1;OFFLINE;31;0
2026-05-14 23:10:44;Cepheus-1-108Q;ONLINE;1;0
2026-05-14 23:10:44;Garnet;ONLINE;0;0
2026-05-14 23:10:44;Forte 1;OFFLINE;31;0
2026-05-15 00:10:49;Cepheus-1-108Q;ONLINE;0;0
2026-05-15 00:10:49;Garnet;ONLINE;0;0
2026-05-15 00:10:49;Forte 1;OFFLINE;31;0
2026-05-15 01:10:55;Cepheus-1-108Q;ONLINE;0;0
2026-05-15 01:10:55;Garnet;ONLINE;0;0
2026-05-15 01:10:55;Forte 1;OFFLINE;31;0
2026-05-15 02:11:00;Cepheus-1-108Q;ONLINE;1;0
2026-05-15 02:11:00;Garnet;ONLINE;0;0
2026-05-15 02:11:00;Forte 1;OFFLINE;31;0
2026-05-15 03:11:06;Cepheus-1-108Q;ONLINE;1;0
2026-05-15 03:11:06;Garnet;ONLINE;0;0
2026-05-15 03:11:06;Forte 1;OFFLINE;31;0
2026-05-15 04:11:11;Cepheus-1-108Q;ONLINE;1;0
2026-05-15 04:11:11;Garnet;ONLINE;0;0
2026-05-15 04:11:11;Forte 1;OFFLINE;31;0
2026-05-15 05:11:16;Cepheus-1-108Q;ONLINE;1;0
2026-05-15 05:11:16;Garnet;ONLINE;0;0
2026-05-15 05:11:16;Forte 1;OFFLINE;31;0
2026-05-15 06:11:22;Cepheus-1-108Q;ONLINE;0;0
2026-05-15 06:11:22;Garnet;ONLINE;0;0
2026-05-15 06:11:22;Forte 1;OFFLINE;31;0
2026-05-15 07:11:28;Cepheus-1-108Q;ONLINE;1;0
2026-05-15 07:11:28;Garnet;ONLINE;0;0
2026-05-15 07:11:28;Forte 1;OFFLINE;31;0
2026-05-15 08:11:33;Cepheus-1-108Q;ONLINE;1;0
2026-05-15 08:11:33;Garnet;ONLINE;0;0
2026-05-15 08:11:33;Forte 1;OFFLINE;31;0
2026-05-15 09:11:39;Cepheus-1-108Q;ONLINE;1;0
2026-05-15 09:11:39;Garnet;ONLINE;0;0
2026-05-15 09:11:39;Forte 1;OFFLINE;31;0
2026-05-15 10:11:44;Cepheus-1-108Q;ONLINE;0;0
2026-05-15 10:11:44;Garnet;ONLINE;1;0
2026-05-15 10:11:44;Forte 1;OFFLINE;31;0
2026-05-15 11:11:49;Cepheus-1-108Q;ONLINE;0;0
2026-05-15 11:11:49;Garnet;ONLINE;5;0
2026-05-15 11:11:49;Forte 1;OFFLINE;31;0
2026-05-15 12:11:54;Cepheus-1-108Q;ONLINE;1;0
2026-05-15 12:11:54;Garnet;ONLINE;1;0
2026-05-15 12:11:54;Forte 1;OFFLINE;31;0
2026-05-15 13:11:59;Cepheus-1-108Q;ONLINE;0;0
2026-05-15 13:11:59;Garnet;ONLINE;0;0
2026-05-15 13:11:59;Forte 1;OFFLINE;31;0
2026-05-15 14:12:05;Cepheus-1-108Q;ONLINE;0;0
2026-05-15 14:12:05;Garnet;ONLINE;0;0
2026-05-15 14:12:05;Forte 1;OFFLINE;31;0
2026-05-15 15:12:10;Cepheus-1-108Q;ONLINE;0;0
2026-05-15 15:12:10;Garnet;ONLINE;0;0
2026-05-15 15:12:10;Forte 1;OFFLINE;31;0
2026-05-15 16:12:16;Cepheus-1-108Q;ONLINE;0;0
2026-05-15 16:12:16;Garnet;ONLINE;7;0
2026-05-15 16:12:16;Forte 1;OFFLINE;31;0
2026-05-15 17:12:21;Cepheus-1-108Q;ONLINE;1;0
2026-05-15 17:12:21;Garnet;ONLINE;8;0
2026-05-15 17:12:21;Forte 1;OFFLINE;31;0
2026-05-15 18:12:26;Cepheus-1-108Q;ONLINE;0;0
2026-05-15 18:12:26;Garnet;ONLINE;0;0
2026-05-15 18:12:26;Forte 1;OFFLINE;31;0
2026-05-15 19:12:31;Cepheus-1-108Q;ONLINE;0;0
2026-05-15 19:12:31;Garnet;ONLINE;0;0
2026-05-15 19:12:31;Forte 1;OFFLINE;31;0
2026-05-15 20:12:37;Cepheus-1-108Q;ONLINE;1;0
2026-05-15 20:12:37;Garnet;ONLINE;0;0
2026-05-15 20:12:37;Forte 1;OFFLINE;31;0
2026-05-15 21:12:42;Cepheus-1-108Q;ONLINE;0;0
2026-05-15 21:12:42;Garnet;ONLINE;0;0
2026-05-15 21:12:42;Forte 1;OFFLINE;31;0
2026-05-15 22:12:47;Cepheus-1-108Q;ONLINE;0;0
2026-05-15 22:12:47;Garnet;ONLINE;0;0
2026-05-15 22:12:47;Forte 1;OFFLINE;31;0
2026-05-15 23:12:53;Cepheus-1-108Q;ONLINE;0;0
2026-05-15 23:12:53;Garnet;ONLINE;0;0
2026-05-15 23:12:53;Forte 1;OFFLINE;31;0
2026-05-16 00:12:58;Cepheus-1-108Q;ONLINE;0;0
2026-05-16 00:12:58;Garnet;ONLINE;0;0
2026-05-16 00:12:58;Forte 1;OFFLINE;31;0
2026-05-16 01:13:04;Cepheus-1-108Q;ONLINE;0;0
2026-05-16 01:13:04;Garnet;ONLINE;1;0
2026-05-16 01:13:04;Forte 1;OFFLINE;31;0
2026-05-16 02:13:09;Cepheus-1-108Q;ONLINE;0;0
2026-05-16 02:13:09;Garnet;ONLINE;1;0
2026-05-16 02:13:09;Forte 1;OFFLINE;31;0
2026-05-16 03:13:14;Cepheus-1-108Q;ONLINE;0;0
2026-05-16 03:13:14;Garnet;ONLINE;1;0
2026-05-16 03:13:14;Forte 1;OFFLINE;31;0
2026-05-16 04:13:20;Cepheus-1-108Q;ONLINE;0;0
2026-05-16 04:13:20;Garnet;ONLINE;1;0
2026-05-16 04:13:20;Forte 1;OFFLINE;31;0
2026-05-16 05:13:24;Cepheus-1-108Q;ONLINE;0;0
2026-05-16 05:13:24;Garnet;ONLINE;1;0
2026-05-16 05:13:24;Forte 1;OFFLINE;31;0
2026-05-16 06:13:30;Cepheus-1-108Q;ONLINE;0;0
2026-05-16 06:13:30;Garnet;ONLINE;1;0
2026-05-16 06:13:30;Forte 1;OFFLINE;31;0
2026-05-16 07:13:34;Cepheus-1-108Q;ONLINE;0;0
2026-05-16 07:13:34;Garnet;ONLINE;2;0
2026-05-16 07:13:34;Forte 1;OFFLINE;31;0
2026-05-16 08:13:39;Cepheus-1-108Q;ONLINE;2;0
2026-05-16 08:13:39;Garnet;ONLINE;2;0
2026-05-16 08:13:39;Forte 1;OFFLINE;31;0
2026-05-16 09:13:45;Cepheus-1-108Q;ONLINE;1;0
2026-05-16 09:13:45;Garnet;ONLINE;2;0
2026-05-16 09:13:45;Forte 1;OFFLINE;31;0
2026-05-16 10:13:50;Cepheus-1-108Q;ONLINE;0;0
2026-05-16 10:13:50;Garnet;ONLINE;3;0
2026-05-16 10:13:50;Forte 1;OFFLINE;31;0
2026-05-16 11:13:56;Cepheus-1-108Q;ONLINE;0;0
2026-05-16 11:13:56;Garnet;ONLINE;3;0
2026-05-16 11:13:56;Forte 1;OFFLINE;31;0
2026-05-16 12:14:01;Cepheus-1-108Q;ONLINE;0;0
2026-05-16 12:14:01;Garnet;ONLINE;4;0
2026-05-16 12:14:01;Forte 1;OFFLINE;31;0
2026-05-16 13:14:07;Cepheus-1-108Q;ONLINE;0;0
2026-05-16 13:14:07;Garnet;ONLINE;4;0
2026-05-16 13:14:07;Forte 1;OFFLINE;31;0
2026-05-16 14:14:12;Cepheus-1-108Q;ONLINE;2;0
2026-05-16 14:14:12;Garnet;ONLINE;6;0
2026-05-16 14:14:12;Forte 1;OFFLINE;31;0
2026-05-16 15:14:17;Cepheus-1-108Q;ONLINE;1;0
2026-05-16 15:14:17;Garnet;ONLINE;7;0
2026-05-16 15:14:17;Forte 1;OFFLINE;31;0
2026-05-16 16:14:22;Cepheus-1-108Q;ONLINE;0;0
2026-05-16 16:14:22;Garnet;ONLINE;7;0
2026-05-16 16:14:22;Forte 1;OFFLINE;31;0
2026-05-16 17:14:27;Cepheus-1-108Q;ONLINE;0;0
2026-05-16 17:14:27;Garnet;ONLINE;9;0
2026-05-16 17:14:27;Forte 1;OFFLINE;31;0
2026-05-16 18:14:32;Cepheus-1-108Q;ONLINE;1;0
2026-05-16 18:14:32;Garnet;ONLINE;9;0
2026-05-16 18:14:32;Forte 1;OFFLINE;31;0
2026-05-16 19:14:37;Cepheus-1-108Q;ONLINE;1;0
2026-05-16 19:14:37;Garnet;ONLINE;9;0
2026-05-16 19:14:37;Forte 1;OFFLINE;31;0
2026-05-16 20:14:42;Cepheus-1-108Q;ONLINE;1;0
2026-05-16 20:14:42;Garnet;ONLINE;11;0
2026-05-16 20:14:42;Forte 1;OFFLINE;31;0
2026-05-16 21:14:48;Cepheus-1-108Q;ONLINE;0;0
2026-05-16 21:14:48;Garnet;ONLINE;12;0
2026-05-16 21:14:48;Forte 1;OFFLINE;31;0
2026-05-16 22:14:53;Cepheus-1-108Q;ONLINE;0;0
2026-05-16 22:14:53;Garnet;ONLINE;13;0
2026-05-16 22:14:53;Forte 1;OFFLINE;31;0
2026-05-16 23:14:58;Cepheus-1-108Q;ONLINE;0;0
2026-05-16 23:14:58;Garnet;ONLINE;13;0
2026-05-16 23:14:58;Forte 1;OFFLINE;31;0
2026-05-17 00:15:03;Cepheus-1-108Q;ONLINE;0;0
2026-05-17 00:15:03;Garnet;ONLINE;14;0
2026-05-17 00:15:03;Forte 1;OFFLINE;31;0
2026-05-17 01:15:09;Cepheus-1-108Q;ONLINE;0;0
2026-05-17 01:15:09;Garnet;ONLINE;14;0
2026-05-17 01:15:09;Forte 1;OFFLINE;31;0
2026-05-17 02:15:15;Cepheus-1-108Q;ONLINE;0;0
2026-05-17 02:15:15;Garnet;ONLINE;14;0
2026-05-17 02:15:15;Forte 1;OFFLINE;31;0
2026-05-17 03:15:20;Cepheus-1-108Q;ONLINE;0;0
2026-05-17 03:15:20;Garnet;ONLINE;14;0
2026-05-17 03:15:20;Forte 1;OFFLINE;31;0
2026-05-17 04:15:25;Cepheus-1-108Q;ONLINE;0;0
2026-05-17 04:15:25;Garnet;ONLINE;14;0
2026-05-17 04:15:25;Forte 1;OFFLINE;31;0
2026-05-17 05:15:30;Cepheus-1-108Q;ONLINE;0;0
2026-05-17 05:15:30;Garnet;ONLINE;14;0
2026-05-17 05:15:30;Forte 1;OFFLINE;31;0
2026-05-17 06:15:35;Cepheus-1-108Q;ONLINE;0;0
2026-05-17 06:15:35;Garnet;ONLINE;14;0
2026-05-17 06:15:35;Forte 1;OFFLINE;31;0
2026-05-17 07:15:41;Cepheus-1-108Q;ONLINE;0;0
2026-05-17 07:15:41;Garnet;ONLINE;14;0
2026-05-17 07:15:41;Forte 1;OFFLINE;31;0
2026-05-17 08:15:46;Cepheus-1-108Q;ONLINE;0;0
2026-05-17 08:15:46;Garnet;ONLINE;14;0
2026-05-17 08:15:46;Forte 1;OFFLINE;31;0
2026-05-17 09:15:51;Cepheus-1-108Q;ONLINE;0;0
2026-05-17 09:15:51;Garnet;ONLINE;16;0
2026-05-17 09:15:51;Forte 1;OFFLINE;31;0
2026-05-17 10:15:56;Cepheus-1-108Q;ONLINE;0;0
2026-05-17 10:15:56;Garnet;ONLINE;16;0
2026-05-17 10:15:56;Forte 1;OFFLINE;31;0
2026-05-17 11:16:02;Cepheus-1-108Q;ONLINE;1;0
2026-05-17 11:16:02;Garnet;ONLINE;16;0
2026-05-17 11:16:02;Forte 1;OFFLINE;31;0
2026-05-17 12:16:07;Cepheus-1-108Q;ONLINE;1;0
2026-05-17 12:16:07;Garnet;ONLINE;16;0
2026-05-17 12:16:07;Forte 1;OFFLINE;31;0
2026-05-17 13:16:12;Cepheus-1-108Q;ONLINE;0;0
2026-05-17 13:16:12;Garnet;ONLINE;16;0
2026-05-17 13:16:12;Forte 1;OFFLINE;31;0
2026-05-17 14:16:17;Cepheus-1-108Q;ONLINE;1;0
2026-05-17 14:16:17;Garnet;ONLINE;16;0
2026-05-17 14:16:17;Forte 1;OFFLINE;31;0
2026-05-17 15:16:22;Cepheus-1-108Q;ONLINE;0;0
2026-05-17 15:16:22;Garnet;ONLINE;16;0
2026-05-17 15:16:22;Forte 1;OFFLINE;31;0
2026-05-17 16:16:28;Cepheus-1-108Q;ONLINE;0;0
2026-05-17 16:16:28;Garnet;ONLINE;17;0
2026-05-17 16:16:28;Forte 1;OFFLINE;31;0
2026-05-17 17:16:33;Cepheus-1-108Q;ONLINE;0;0
2026-05-17 17:16:33;Garnet;ONLINE;17;0
2026-05-17 17:16:33;Forte 1;OFFLINE;31;0
2026-05-17 18:16:38;Cepheus-1-108Q;ONLINE;0;0
2026-05-17 18:16:38;Garnet;ONLINE;17;0
2026-05-17 18:16:38;Forte 1;OFFLINE;31;0
2026-05-17 19:16:43;Cepheus-1-108Q;ONLINE;0;0
2026-05-17 19:16:43;Garnet;ONLINE;18;0
2026-05-17 19:16:43;Forte 1;OFFLINE;31;0
2026-05-17 20:16:49;Cepheus-1-108Q;ONLINE;2;0
2026-05-17 20:16:49;Garnet;ONLINE;19;0
2026-05-17 20:16:49;Forte 1;OFFLINE;31;0
2026-05-17 21:16:54;Cepheus-1-108Q;ONLINE;0;0
2026-05-17 21:16:54;Garnet;ONLINE;19;0
2026-05-17 21:16:54;Forte 1;OFFLINE;31;0
2026-05-17 22:16:59;Cepheus-1-108Q;ONLINE;0;0
2026-05-17 22:16:59;Garnet;ONLINE;21;0
2026-05-17 22:16:59;Forte 1;OFFLINE;31;0
2026-05-17 23:17:04;Cepheus-1-108Q;ONLINE;0;0
2026-05-17 23:17:04;Garnet;ONLINE;23;0
2026-05-17 23:17:04;Forte 1;OFFLINE;31;0
2026-05-18 00:17:10;Cepheus-1-108Q;ONLINE;0;0
2026-05-18 00:17:10;Garnet;ONLINE;0;0
2026-05-18 00:17:10;Forte 1;OFFLINE;31;0
2026-05-18 01:17:16;Cepheus-1-108Q;ONLINE;0;0
2026-05-18 01:17:16;Garnet;ONLINE;0;0
2026-05-18 01:17:16;Forte 1;OFFLINE;31;0
2026-05-18 02:17:22;Cepheus-1-108Q;ONLINE;0;0
2026-05-18 02:17:22;Garnet;ONLINE;2;0
2026-05-18 02:17:22;Forte 1;OFFLINE;31;0
2026-05-18 03:17:27;Cepheus-1-108Q;ONLINE;0;0
2026-05-18 03:17:27;Garnet;ONLINE;1;0
2026-05-18 03:17:27;Forte 1;OFFLINE;31;0
2026-05-18 04:17:32;Cepheus-1-108Q;ONLINE;0;0
2026-05-18 04:17:32;Garnet;ONLINE;0;0
2026-05-18 04:17:32;Forte 1;OFFLINE;31;0
2026-05-18 05:17:37;Cepheus-1-108Q;ONLINE;0;0
2026-05-18 05:17:37;Garnet;ONLINE;0;0
2026-05-18 05:17:37;Forte 1;OFFLINE;31;0
2026-05-18 06:17:42;Cepheus-1-108Q;ONLINE;0;0
2026-05-18 06:17:42;Garnet;ONLINE;0;0
2026-05-18 06:17:42;Forte 1;OFFLINE;31;0
2026-05-18 07:17:47;Cepheus-1-108Q;ONLINE;1;0
2026-05-18 07:17:47;Garnet;ONLINE;1;0
2026-05-18 07:17:47;Forte 1;OFFLINE;31;0
2026-05-18 08:17:53;Cepheus-1-108Q;ONLINE;2;0
2026-05-18 08:17:53;Garnet;ONLINE;1;0
2026-05-18 08:17:53;Forte 1;OFFLINE;31;0
2026-05-18 09:17:59;Cepheus-1-108Q;ONLINE;0;0
2026-05-18 09:17:59;Garnet;ONLINE;0;0
2026-05-18 09:17:59;Forte 1;OFFLINE;31;0
2026-05-18 10:18:04;Cepheus-1-108Q;ONLINE;0;0
2026-05-18 10:18:04;Garnet;ONLINE;0;0
2026-05-18 10:18:04;Forte 1;OFFLINE;31;0
2026-05-18 11:18:10;Cepheus-1-108Q;ONLINE;0;0
2026-05-18 11:18:10;Garnet;ONLINE;1;0
2026-05-18 11:18:10;Forte 1;OFFLINE;31;0
2026-05-18 12:18:15;Cepheus-1-108Q;ONLINE;0;0
2026-05-18 12:18:15;Garnet;ONLINE;1;0
2026-05-18 12:18:15;Forte 1;OFFLINE;31;0
2026-05-18 13:18:20;Cepheus-1-108Q;ONLINE;0;0
2026-05-18 13:18:20;Garnet;ONLINE;0;0
2026-05-18 13:18:20;Forte 1;OFFLINE;31;0
2026-05-18 14:18:26;Cepheus-1-108Q;ONLINE;0;0
2026-05-18 14:18:26;Garnet;ONLINE;0;0
2026-05-18 14:18:26;Forte 1;OFFLINE;31;0
2026-05-18 15:18:31;Cepheus-1-108Q;ONLINE;1;0
2026-05-18 15:18:31;Garnet;ONLINE;0;0
2026-05-18 15:18:31;Forte 1;OFFLINE;31;0
2026-05-18 16:18:36;Cepheus-1-108Q;ONLINE;0;0
2026-05-18 16:18:36;Garnet;ONLINE;7;0
2026-05-18 16:18:36;Forte 1;OFFLINE;31;0
2026-05-18 17:18:42;Cepheus-1-108Q;ONLINE;0;0
2026-05-18 17:18:42;Garnet;ONLINE;0;0
2026-05-18 17:18:42;Forte 1;OFFLINE;31;0
2026-05-18 18:18:47;Cepheus-1-108Q;ONLINE;0;0
2026-05-18 18:18:47;Garnet;ONLINE;0;0
2026-05-18 18:18:47;Forte 1;OFFLINE;31;0
2026-05-18 19:18:52;Cepheus-1-108Q;ONLINE;0;0
2026-05-18 19:18:52;Garnet;ONLINE;0;0
2026-05-18 19:18:52;Forte 1;OFFLINE;31;0
2026-05-18 20:18:57;Cepheus-1-108Q;ONLINE;0;0
2026-05-18 20:18:57;Garnet;ONLINE;0;0
2026-05-18 20:18:57;Forte 1;OFFLINE;31;0
2026-05-18 21:19:03;Cepheus-1-108Q;ONLINE;0;0
2026-05-18 21:19:03;Garnet;ONLINE;1;0
2026-05-18 21:19:03;Forte 1;OFFLINE;31;0
2026-05-18 22:19:08;Cepheus-1-108Q;ONLINE;0;0
2026-05-18 22:19:08;Garnet;ONLINE;4;0
2026-05-18 22:19:08;Forte 1;OFFLINE;31;0
2026-05-18 23:19:13;Cepheus-1-108Q;ONLINE;0;0
2026-05-18 23:19:13;Garnet;ONLINE;1;0
2026-05-18 23:19:13;Forte 1;OFFLINE;31;0
2026-05-19 00:19:19;Cepheus-1-108Q;ONLINE;0;0
2026-05-19 00:19:19;Garnet;ONLINE;1;0
2026-05-19 00:19:19;Forte 1;OFFLINE;31;0
2026-05-19 01:19:24;Cepheus-1-108Q;ONLINE;0;0
2026-05-19 01:19:24;Garnet;ONLINE;0;0
2026-05-19 01:19:24;Forte 1;OFFLINE;31;0
2026-05-19 02:19:29;Cepheus-1-108Q;ONLINE;0;0
2026-05-19 02:19:29;Garnet;ONLINE;1;0
2026-05-19 02:19:29;Forte 1;OFFLINE;31;0
2026-05-19 03:19:35;Cepheus-1-108Q;ONLINE;0;0
2026-05-19 03:19:35;Garnet;ONLINE;0;0
2026-05-19 03:19:35;Forte 1;OFFLINE;31;0
2026-05-19 04:19:40;Cepheus-1-108Q;ONLINE;0;0
2026-05-19 04:19:40;Garnet;ONLINE;1;0
2026-05-19 04:19:40;Forte 1;OFFLINE;31;0
2026-05-19 05:19:45;Cepheus-1-108Q;ONLINE;0;0
2026-05-19 05:19:45;Garnet;ONLINE;1;0
2026-05-19 05:19:45;Forte 1;OFFLINE;31;0
2026-05-19 06:19:50;Cepheus-1-108Q;ONLINE;0;0
2026-05-19 06:19:50;Garnet;ONLINE;0;0
2026-05-19 06:19:50;Forte 1;OFFLINE;31;0
2026-05-19 07:19:55;Cepheus-1-108Q;ONLINE;1;0
2026-05-19 07:19:55;Garnet;ONLINE;3;0
2026-05-19 07:19:55;Forte 1;OFFLINE;31;0
2026-05-19 08:20:00;Cepheus-1-108Q;ONLINE;2;0
2026-05-19 08:20:00;Garnet;ONLINE;4;0
2026-05-19 08:20:00;Forte 1;OFFLINE;31;0
2026-05-19 09:20:06;Cepheus-1-108Q;ONLINE;0;0
2026-05-19 09:20:06;Garnet;ONLINE;1;0
2026-05-19 09:20:06;Forte 1;OFFLINE;31;0
2026-05-19 10:20:11;Cepheus-1-108Q;ONLINE;0;0
2026-05-19 10:20:11;Garnet;ONLINE;1;0
2026-05-19 10:20:11;Forte 1;OFFLINE;31;0
2026-05-19 11:20:16;Cepheus-1-108Q;ONLINE;1;0
2026-05-19 11:20:16;Garnet;ONLINE;1;0
2026-05-19 11:20:16;Forte 1;OFFLINE;31;0
2026-05-19 12:20:21;Cepheus-1-108Q;ONLINE;0;0
2026-05-19 12:20:21;Garnet;ONLINE;1;0
2026-05-19 12:20:21;Forte 1;OFFLINE;31;0
2026-05-19 13:20:26;Cepheus-1-108Q;ONLINE;0;0
2026-05-19 13:20:26;Garnet;ONLINE;1;0
2026-05-19 13:20:26;Forte 1;OFFLINE;31;0
2026-05-19 14:20:32;Cepheus-1-108Q;ONLINE;0;0
2026-05-19 14:20:32;Garnet;ONLINE;0;0
2026-05-19 14:20:32;Forte 1;OFFLINE;31;0
2026-05-19 15:20:37;Cepheus-1-108Q;ONLINE;0;0
2026-05-19 15:20:37;Garnet;ONLINE;1;0
2026-05-19 15:20:37;Forte 1;OFFLINE;31;0
2026-05-19 16:20:42;Cepheus-1-108Q;ONLINE;0;0
2026-05-19 16:20:42;Garnet;ONLINE;8;0
2026-05-19 16:20:42;Forte 1;OFFLINE;31;0
2026-05-19 17:20:47;Cepheus-1-108Q;ONLINE;0;0
2026-05-19 17:20:47;Garnet;ONLINE;0;0
2026-05-19 17:20:47;Forte 1;OFFLINE;31;0
2026-05-19 18:20:53;Cepheus-1-108Q;ONLINE;0;0
2026-05-19 18:20:53;Garnet;ONLINE;1;0
2026-05-19 18:20:53;Forte 1;OFFLINE;31;0
2026-05-19 19:20:58;Cepheus-1-108Q;ONLINE;0;0
2026-05-19 19:20:58;Garnet;ONLINE;0;0
2026-05-19 19:20:58;Forte 1;OFFLINE;31;0
2026-05-19 20:21:04;Cepheus-1-108Q;ONLINE;1;0
2026-05-19 20:21:04;Garnet;ONLINE;0;0
2026-05-19 20:21:04;Forte 1;OFFLINE;31;0
2026-05-19 21:21:09;Cepheus-1-108Q;ONLINE;3;0
2026-05-19 21:21:09;Garnet;ONLINE;0;0
2026-05-19 21:21:09;Forte 1;OFFLINE;0;0
2026-05-19 22:21:14;Cepheus-1-108Q;ONLINE;0;0
2026-05-19 22:21:14;Garnet;ONLINE;0;0
2026-05-19 22:21:14;Forte 1;OFFLINE;0;0
2026-05-19 23:21:20;Cepheus-1-108Q;ONLINE;0;0
2026-05-19 23:21:20;Garnet;ONLINE;0;0
2026-05-19 23:21:20;Forte 1;OFFLINE;0;0
2026-05-20 00:21:25;Cepheus-1-108Q;ONLINE;0;0
2026-05-20 00:21:25;Garnet;ONLINE;0;0
2026-05-20 00:21:25;Forte 1;OFFLINE;0;0
2026-05-20 01:21:31;Cepheus-1-108Q;ONLINE;0;0
2026-05-20 01:21:31;Garnet;ONLINE;0;0
2026-05-20 01:21:31;Forte 1;OFFLINE;0;0
2026-05-20 02:21:36;Cepheus-1-108Q;ONLINE;0;0
2026-05-20 02:21:36;Garnet;ONLINE;1;0
2026-05-20 02:21:36;Forte 1;OFFLINE;0;0
2026-05-20 03:21:41;Cepheus-1-108Q;ONLINE;1;0
2026-05-20 03:21:41;Garnet;ONLINE;0;0
2026-05-20 03:21:41;Forte 1;OFFLINE;0;0
2026-05-20 04:21:46;Cepheus-1-108Q;ONLINE;0;0
2026-05-20 04:21:46;Garnet;ONLINE;0;0
2026-05-20 04:21:46;Forte 1;OFFLINE;0;0
2026-05-20 05:21:51;Cepheus-1-108Q;ONLINE;0;0
2026-05-20 05:21:51;Garnet;ONLINE;0;0
2026-05-20 05:21:51;Forte 1;OFFLINE;0;0
2026-05-20 06:21:57;Cepheus-1-108Q;ONLINE;0;0
2026-05-20 06:21:57;Garnet;ONLINE;0;0
2026-05-20 06:21:57;Forte 1;OFFLINE;0;0
2026-05-20 07:22:02;Cepheus-1-108Q;ONLINE;0;0
2026-05-20 07:22:02;Garnet;ONLINE;0;0
2026-05-20 07:22:02;Forte 1;OFFLINE;0;0
2026-05-20 08:22:07;Cepheus-1-108Q;ONLINE;0;0
2026-05-20 08:22:07;Garnet;ONLINE;0;0
2026-05-20 08:22:07;Forte 1;OFFLINE;0;0
2026-05-20 09:22:13;Cepheus-1-108Q;ONLINE;0;0
2026-05-20 09:22:13;Garnet;ONLINE;0;0
2026-05-20 09:22:13;Forte 1;OFFLINE;0;0
2026-05-20 10:22:18;Cepheus-1-108Q;ONLINE;0;0
2026-05-20 10:22:18;Garnet;ONLINE;0;0
2026-05-20 10:22:18;Forte 1;OFFLINE;0;0
2026-05-20 11:22:24;Cepheus-1-108Q;ONLINE;0;0
2026-05-20 11:22:24;Garnet;ONLINE;0;0
2026-05-20 11:22:24;Forte 1;OFFLINE;0;0
2026-05-20 12:22:29;Cepheus-1-108Q;ONLINE;0;0
2026-05-20 12:22:29;Garnet;ONLINE;0;0
2026-05-20 12:22:29;Forte 1;OFFLINE;0;0
2026-05-20 13:22:34;Cepheus-1-108Q;ONLINE;0;0
2026-05-20 13:22:34;Garnet;ONLINE;0;0
2026-05-20 13:22:34;Forte 1;OFFLINE;0;0
2026-05-20 14:22:39;Cepheus-1-108Q;ONLINE;2;0
2026-05-20 14:22:39;Garnet;ONLINE;0;0
2026-05-20 14:22:39;Forte 1;OFFLINE;0;0
2026-05-20 15:22:44;Cepheus-1-108Q;ONLINE;0;0
2026-05-20 15:22:44;Garnet;ONLINE;0;0
2026-05-20 15:22:44;Forte 1;OFFLINE;0;0
2026-05-20 16:22:49;Cepheus-1-108Q;ONLINE;0;0
2026-05-20 16:22:49;Garnet;ONLINE;6;0
2026-05-20 16:22:49;Forte 1;OFFLINE;0;0
2026-05-20 17:22:55;Cepheus-1-108Q;ONLINE;0;0
2026-05-20 17:22:55;Garnet;ONLINE;1;0
2026-05-20 17:22:55;Forte 1;OFFLINE;0;0
2026-05-20 18:23:00;Cepheus-1-108Q;ONLINE;4;0
2026-05-20 18:23:00;Garnet;ONLINE;1;0
2026-05-20 18:23:00;Forte 1;OFFLINE;0;0
2026-05-20 19:23:06;Cepheus-1-108Q;ONLINE;3;0
2026-05-20 19:23:06;Garnet;ONLINE;0;0
2026-05-20 19:23:06;Forte 1;OFFLINE;0;0
2026-05-20 20:23:11;Cepheus-1-108Q;ONLINE;5;0
2026-05-20 20:23:11;Garnet;ONLINE;0;0
2026-05-20 20:23:11;Forte 1;OFFLINE;0;0
2026-05-20 21:23:16;Cepheus-1-108Q;ONLINE;6;0
2026-05-20 21:23:16;Garnet;ONLINE;0;0
2026-05-20 21:23:16;Forte 1;OFFLINE;0;0
2026-05-20 22:23:21;Cepheus-1-108Q;ONLINE;1;0
2026-05-20 22:23:21;Garnet;ONLINE;0;0
2026-05-20 22:23:21;Forte 1;OFFLINE;0;0
2026-05-20 23:23:26;Cepheus-1-108Q;ONLINE;0;0
2026-05-20 23:23:26;Garnet;ONLINE;1;0
2026-05-20 23:23:26;Forte 1;OFFLINE;0;0
2026-05-21 00:23:31;Cepheus-1-108Q;ONLINE;2;0
2026-05-21 00:23:31;Garnet;ONLINE;0;0
2026-05-21 00:23:31;Forte 1;OFFLINE;0;0
2026-05-21 01:23:36;Cepheus-1-108Q;ONLINE;1;0
2026-05-21 01:23:36;Garnet;ONLINE;0;0
2026-05-21 01:23:36;Forte 1;OFFLINE;0;0
2026-05-21 02:23:41;Cepheus-1-108Q;ONLINE;0;0
2026-05-21 02:23:41;Garnet;ONLINE;1;0
2026-05-21 02:23:41;Forte 1;OFFLINE;0;0
2026-05-21 03:23:47;Cepheus-1-108Q;ONLINE;3;0
2026-05-21 03:23:47;Garnet;ONLINE;0;0
2026-05-21 03:23:47;Forte 1;OFFLINE;0;0
2026-05-21 04:23:52;Cepheus-1-108Q;ONLINE;0;0
2026-05-21 04:23:52;Garnet;ONLINE;0;0
2026-05-21 04:23:52;Forte 1;OFFLINE;0;0
2026-05-21 05:23:57;Cepheus-1-108Q;ONLINE;0;0
2026-05-21 05:23:57;Garnet;ONLINE;0;0
2026-05-21 05:23:57;Forte 1;OFFLINE;0;0
2026-05-21 06:24:02;Cepheus-1-108Q;ONLINE;0;0
2026-05-21 06:24:02;Garnet;ONLINE;0;0
2026-05-21 06:24:02;Forte 1;OFFLINE;0;0
2026-05-21 07:24:08;Cepheus-1-108Q;ONLINE;1;0
2026-05-21 07:24:08;Garnet;ONLINE;0;0
2026-05-21 07:24:08;Forte 1;OFFLINE;0;0
2026-05-21 08:24:13;Cepheus-1-108Q;ONLINE;1;0
2026-05-21 08:24:13;Garnet;ONLINE;0;0
2026-05-21 08:24:13;Forte 1;OFFLINE;0;0
2026-05-21 09:24:18;Cepheus-1-108Q;ONLINE;0;0
2026-05-21 09:24:18;Garnet;ONLINE;0;0
2026-05-21 09:24:18;Forte 1;OFFLINE;0;0
2026-05-21 10:24:23;Cepheus-1-108Q;ONLINE;0;0
2026-05-21 10:24:23;Garnet;ONLINE;0;0
2026-05-21 10:24:23;Forte 1;OFFLINE;0;0
