Timestamp;Backend;Pending_Jobs;Status
2026-04-30 07:29:16;ibm_fez;426;True
2026-04-30 07:29:16;ibm_kingston;0;True
2026-04-30 07:29:16;ibm_marrakesh;0;True
2026-04-30 08:29:20;ibm_fez;597;True
2026-04-30 08:29:20;ibm_kingston;1;True
2026-04-30 08:29:20;ibm_marrakesh;46;True
2026-04-30 09:29:24;ibm_fez;498;True
2026-04-30 09:29:24;ibm_kingston;25;True
2026-04-30 09:29:24;ibm_marrakesh;0;True
2026-04-30 10:29:27;ibm_fez;412;True
2026-04-30 10:29:27;ibm_kingston;5;True
2026-04-30 10:29:27;ibm_marrakesh;0;True
2026-04-30 11:29:31;ibm_fez;307;True
2026-04-30 11:29:31;ibm_kingston;0;True
2026-04-30 11:29:31;ibm_marrakesh;0;True
2026-04-30 12:29:35;ibm_fez;199;True
2026-04-30 12:29:35;ibm_kingston;0;True
2026-04-30 12:29:35;ibm_marrakesh;0;True
2026-04-30 13:29:39;ibm_fez;27;True
2026-04-30 13:29:39;ibm_kingston;0;True
2026-04-30 13:29:39;ibm_marrakesh;2;True
2026-04-30 14:29:43;ibm_fez;0;True
2026-04-30 14:29:43;ibm_kingston;9;True
2026-04-30 14:29:43;ibm_marrakesh;0;True
2026-04-30 15:29:48;ibm_fez;1;True
2026-04-30 15:29:48;ibm_kingston;16;True
2026-04-30 15:29:48;ibm_marrakesh;0;True
2026-04-30 16:29:53;ibm_fez;0;True
2026-04-30 16:29:53;ibm_kingston;0;True
2026-04-30 16:29:53;ibm_marrakesh;1;True
2026-04-30 17:29:57;ibm_fez;0;True
2026-04-30 17:29:57;ibm_kingston;0;True
2026-04-30 17:29:57;ibm_marrakesh;0;True
2026-04-30 18:30:01;ibm_fez;0;True
2026-04-30 18:30:01;ibm_kingston;0;True
2026-04-30 18:30:01;ibm_marrakesh;0;True
2026-04-30 19:30:05;ibm_fez;0;True
2026-04-30 19:30:05;ibm_kingston;40;True
2026-04-30 19:30:05;ibm_marrakesh;0;True
2026-04-30 20:30:10;ibm_fez;6;True
2026-04-30 20:30:10;ibm_kingston;20;True
2026-04-30 20:30:10;ibm_marrakesh;1;True
2026-04-30 21:30:15;ibm_fez;0;True
2026-04-30 21:30:15;ibm_kingston;0;True
2026-04-30 21:30:15;ibm_marrakesh;0;True
2026-04-30 22:30:20;ibm_fez;1;True
2026-04-30 22:30:20;ibm_kingston;0;True
2026-04-30 22:30:20;ibm_marrakesh;0;True
2026-04-30 23:30:24;ibm_fez;0;True
2026-04-30 23:30:24;ibm_kingston;0;True
2026-04-30 23:30:24;ibm_marrakesh;0;True
2026-05-01 00:30:28;ibm_fez;0;True
2026-05-01 00:30:28;ibm_kingston;0;True
2026-05-01 00:30:28;ibm_marrakesh;0;True
2026-05-01 01:30:33;ibm_fez;120;True
2026-05-01 01:30:33;ibm_kingston;0;True
2026-05-01 01:30:33;ibm_marrakesh;0;True
2026-05-01 02:30:37;ibm_fez;0;True
2026-05-01 02:30:37;ibm_kingston;0;True
2026-05-01 02:30:37;ibm_marrakesh;0;True
2026-05-01 03:30:42;ibm_fez;0;True
2026-05-01 03:30:42;ibm_kingston;0;True
2026-05-01 03:30:42;ibm_marrakesh;0;True
2026-05-01 04:30:46;ibm_fez;0;True
2026-05-01 04:30:46;ibm_kingston;0;True
2026-05-01 04:30:46;ibm_marrakesh;0;True
2026-05-01 05:30:50;ibm_fez;0;True
2026-05-01 05:30:50;ibm_kingston;0;True
2026-05-01 05:30:50;ibm_marrakesh;0;True
2026-05-01 06:30:54;ibm_fez;0;True
2026-05-01 06:30:54;ibm_kingston;0;True
2026-05-01 06:30:54;ibm_marrakesh;0;True
2026-05-01 07:30:58;ibm_fez;0;True
2026-05-01 07:30:58;ibm_kingston;0;True
2026-05-01 07:30:58;ibm_marrakesh;0;True
2026-05-01 08:31:02;ibm_fez;0;True
2026-05-01 08:31:02;ibm_kingston;0;True
2026-05-01 08:31:02;ibm_marrakesh;0;True
2026-05-01 09:31:06;ibm_fez;0;True
2026-05-01 09:31:06;ibm_kingston;0;True
2026-05-01 09:31:06;ibm_marrakesh;5;True
2026-05-01 10:31:11;ibm_fez;0;True
2026-05-01 10:31:11;ibm_kingston;0;True
2026-05-01 10:31:11;ibm_marrakesh;0;True
2026-05-01 11:31:15;ibm_fez;0;True
2026-05-01 11:31:15;ibm_kingston;0;True
2026-05-01 11:31:15;ibm_marrakesh;0;True
2026-05-01 12:31:19;ibm_fez;0;True
2026-05-01 12:31:19;ibm_kingston;0;True
2026-05-01 12:31:19;ibm_marrakesh;0;True
2026-05-01 13:31:24;ibm_fez;0;True
2026-05-01 13:31:24;ibm_kingston;0;True
2026-05-01 13:31:24;ibm_marrakesh;0;True
2026-05-01 14:31:29;ibm_fez;0;True
2026-05-01 14:31:29;ibm_kingston;0;True
2026-05-01 14:31:29;ibm_marrakesh;0;True
2026-05-01 15:31:33;ibm_fez;0;True
2026-05-01 15:31:33;ibm_kingston;0;True
2026-05-01 15:31:33;ibm_marrakesh;0;True
2026-05-01 16:31:38;ibm_fez;0;True
2026-05-01 16:31:38;ibm_kingston;0;True
2026-05-01 16:31:38;ibm_marrakesh;0;True
2026-05-01 17:31:42;ibm_fez;0;True
2026-05-01 17:31:42;ibm_kingston;0;True
2026-05-01 17:31:42;ibm_marrakesh;0;True
2026-05-01 18:31:46;ibm_fez;1;True
2026-05-01 18:31:46;ibm_kingston;0;True
2026-05-01 18:31:46;ibm_marrakesh;0;True
2026-05-01 19:31:52;ibm_fez;0;True
2026-05-01 19:31:52;ibm_kingston;0;True
2026-05-01 19:31:52;ibm_marrakesh;0;True
2026-05-01 20:31:57;ibm_fez;1;True
2026-05-01 20:31:57;ibm_kingston;0;True
2026-05-01 20:31:57;ibm_marrakesh;0;True
2026-05-01 21:32:00;ibm_fez;0;True
2026-05-01 21:32:00;ibm_kingston;0;True
2026-05-01 21:32:00;ibm_marrakesh;0;True
2026-05-01 22:32:06;ibm_fez;0;True
2026-05-01 22:32:06;ibm_kingston;0;True
2026-05-01 22:32:06;ibm_marrakesh;0;True
2026-05-01 23:32:10;ibm_fez;0;True
2026-05-01 23:32:10;ibm_kingston;0;True
2026-05-01 23:32:10;ibm_marrakesh;0;True
2026-05-02 00:32:15;ibm_fez;0;True
2026-05-02 00:32:15;ibm_kingston;0;True
2026-05-02 00:32:15;ibm_marrakesh;0;True
2026-05-02 01:32:18;ibm_fez;0;True
2026-05-02 01:32:18;ibm_kingston;1;True
2026-05-02 01:32:18;ibm_marrakesh;116;True
2026-05-02 02:32:23;ibm_fez;0;True
2026-05-02 02:32:23;ibm_kingston;8;True
2026-05-02 02:32:23;ibm_marrakesh;0;True
2026-05-02 03:32:28;ibm_fez;0;True
2026-05-02 03:32:28;ibm_kingston;0;True
2026-05-02 03:32:28;ibm_marrakesh;0;True
2026-05-02 04:32:32;ibm_fez;0;True
2026-05-02 04:32:32;ibm_kingston;0;True
2026-05-02 04:32:32;ibm_marrakesh;0;True
2026-05-02 05:32:38;ibm_fez;0;True
2026-05-02 05:32:38;ibm_kingston;0;True
2026-05-02 05:32:38;ibm_marrakesh;0;True
2026-05-02 06:32:42;ibm_fez;0;True
2026-05-02 06:32:42;ibm_kingston;0;True
2026-05-02 06:32:42;ibm_marrakesh;0;True
2026-05-02 07:32:48;ibm_fez;7;True
2026-05-02 07:32:48;ibm_kingston;0;True
2026-05-02 07:32:48;ibm_marrakesh;0;True
2026-05-02 08:32:51;ibm_fez;0;True
2026-05-02 08:32:51;ibm_kingston;0;True
2026-05-02 08:32:51;ibm_marrakesh;0;True
2026-05-02 09:32:56;ibm_fez;0;True
2026-05-02 09:32:56;ibm_kingston;0;True
2026-05-02 09:32:56;ibm_marrakesh;0;True
2026-05-02 10:33:01;ibm_fez;0;True
2026-05-02 10:33:01;ibm_kingston;0;True
2026-05-02 10:33:01;ibm_marrakesh;0;True
2026-05-02 11:33:06;ibm_fez;8;True
2026-05-02 11:33:06;ibm_kingston;0;True
2026-05-02 11:33:06;ibm_marrakesh;0;True
2026-05-02 12:33:11;ibm_fez;0;True
2026-05-02 12:33:11;ibm_kingston;0;True
2026-05-02 12:33:11;ibm_marrakesh;0;True
2026-05-02 13:33:16;ibm_fez;0;True
2026-05-02 13:33:16;ibm_kingston;10;True
2026-05-02 13:33:16;ibm_marrakesh;0;True
2026-05-02 14:33:20;ibm_fez;0;True
2026-05-02 14:33:20;ibm_kingston;0;True
2026-05-02 14:33:20;ibm_marrakesh;0;True
2026-05-02 15:33:26;ibm_fez;0;True
2026-05-02 15:33:26;ibm_kingston;14;True
2026-05-02 15:33:26;ibm_marrakesh;0;True
2026-05-02 16:33:30;ibm_fez;1;True
2026-05-02 16:33:30;ibm_kingston;0;True
2026-05-02 16:33:30;ibm_marrakesh;0;True
2026-05-02 17:33:34;ibm_fez;0;True
2026-05-02 17:33:34;ibm_kingston;0;True
2026-05-02 17:33:34;ibm_marrakesh;0;True
2026-05-02 18:33:39;ibm_fez;0;True
2026-05-02 18:33:39;ibm_kingston;0;True
2026-05-02 18:33:39;ibm_marrakesh;0;True
2026-05-02 19:33:43;ibm_fez;0;True
2026-05-02 19:33:43;ibm_kingston;0;True
2026-05-02 19:33:43;ibm_marrakesh;0;True
2026-05-02 20:33:47;ibm_fez;0;True
2026-05-02 20:33:47;ibm_kingston;0;True
2026-05-02 20:33:47;ibm_marrakesh;0;True
2026-05-02 21:33:51;ibm_fez;0;True
2026-05-02 21:33:51;ibm_kingston;0;True
2026-05-02 21:33:51;ibm_marrakesh;0;True
2026-05-02 22:33:56;ibm_fez;0;True
2026-05-02 22:33:56;ibm_kingston;0;True
2026-05-02 22:33:56;ibm_marrakesh;0;True
2026-05-02 23:34:00;ibm_fez;0;True
2026-05-02 23:34:00;ibm_kingston;0;True
2026-05-02 23:34:00;ibm_marrakesh;0;True
2026-05-03 00:34:05;ibm_fez;0;True
2026-05-03 00:34:05;ibm_kingston;0;True
2026-05-03 00:34:05;ibm_marrakesh;0;True
2026-05-03 01:34:10;ibm_fez;0;True
2026-05-03 01:34:10;ibm_kingston;0;True
2026-05-03 01:34:10;ibm_marrakesh;0;True
2026-05-03 02:34:14;ibm_fez;0;True
2026-05-03 02:34:14;ibm_kingston;0;True
2026-05-03 02:34:14;ibm_marrakesh;0;True
2026-05-03 03:34:18;ibm_fez;0;True
2026-05-03 03:34:18;ibm_kingston;0;True
2026-05-03 03:34:18;ibm_marrakesh;0;True
2026-05-03 04:34:23;ibm_fez;0;True
2026-05-03 04:34:23;ibm_kingston;0;True
2026-05-03 04:34:23;ibm_marrakesh;0;True
2026-05-03 05:34:27;ibm_fez;0;True
2026-05-03 05:34:27;ibm_kingston;0;True
2026-05-03 05:34:27;ibm_marrakesh;0;True
2026-05-03 06:34:32;ibm_fez;0;True
2026-05-03 06:34:32;ibm_kingston;0;True
2026-05-03 06:34:32;ibm_marrakesh;0;True
2026-05-03 07:34:37;ibm_fez;0;True
2026-05-03 07:34:37;ibm_kingston;0;True
2026-05-03 07:34:37;ibm_marrakesh;0;True
2026-05-03 08:34:40;ibm_fez;0;True
2026-05-03 08:34:40;ibm_kingston;0;True
2026-05-03 08:34:40;ibm_marrakesh;0;True
2026-05-03 09:34:44;ibm_fez;0;True
2026-05-03 09:34:44;ibm_kingston;0;True
2026-05-03 09:34:44;ibm_marrakesh;0;True
2026-05-03 10:34:48;ibm_fez;0;True
2026-05-03 10:34:48;ibm_kingston;0;True
2026-05-03 10:34:48;ibm_marrakesh;0;True
2026-05-03 11:34:53;ibm_fez;0;True
2026-05-03 11:34:53;ibm_kingston;0;True
2026-05-03 11:34:53;ibm_marrakesh;0;True
2026-05-03 12:34:56;ibm_fez;0;True
2026-05-03 12:34:56;ibm_kingston;0;True
2026-05-03 12:34:56;ibm_marrakesh;0;True
2026-05-03 13:35:01;ibm_fez;0;True
2026-05-03 13:35:01;ibm_kingston;0;True
2026-05-03 13:35:01;ibm_marrakesh;0;True
2026-05-03 14:35:06;ibm_fez;0;True
2026-05-03 14:35:06;ibm_kingston;0;True
2026-05-03 14:35:06;ibm_marrakesh;0;True
2026-05-03 15:35:11;ibm_fez;0;True
2026-05-03 15:35:11;ibm_kingston;0;True
2026-05-03 15:35:11;ibm_marrakesh;0;True
2026-05-03 16:35:16;ibm_fez;0;True
2026-05-03 16:35:16;ibm_kingston;0;True
2026-05-03 16:35:16;ibm_marrakesh;0;True
2026-05-03 17:35:20;ibm_fez;0;True
2026-05-03 17:35:20;ibm_kingston;0;True
2026-05-03 17:35:20;ibm_marrakesh;0;True
2026-05-03 18:35:25;ibm_fez;0;True
2026-05-03 18:35:25;ibm_kingston;0;True
2026-05-03 18:35:25;ibm_marrakesh;0;True
2026-05-03 19:35:30;ibm_fez;0;True
2026-05-03 19:35:30;ibm_kingston;0;True
2026-05-03 19:35:30;ibm_marrakesh;0;True
2026-05-03 20:35:35;ibm_fez;0;True
2026-05-03 20:35:35;ibm_kingston;0;True
2026-05-03 20:35:35;ibm_marrakesh;0;True
2026-05-03 21:35:39;ibm_fez;1;True
2026-05-03 21:35:39;ibm_kingston;0;True
2026-05-03 21:35:39;ibm_marrakesh;0;True
2026-05-03 22:35:43;ibm_fez;0;True
2026-05-03 22:35:43;ibm_kingston;0;True
2026-05-03 22:35:43;ibm_marrakesh;0;True
2026-05-03 23:35:47;ibm_fez;0;True
2026-05-03 23:35:47;ibm_kingston;3;True
2026-05-03 23:35:47;ibm_marrakesh;0;True
2026-05-04 00:35:51;ibm_fez;0;True
2026-05-04 00:35:51;ibm_kingston;0;True
2026-05-04 00:35:51;ibm_marrakesh;0;True
2026-05-04 01:35:56;ibm_fez;0;True
2026-05-04 01:35:56;ibm_kingston;5;True
2026-05-04 01:35:56;ibm_marrakesh;0;True
2026-05-04 02:35:59;ibm_fez;0;True
2026-05-04 02:35:59;ibm_kingston;17;True
2026-05-04 02:35:59;ibm_marrakesh;0;True
2026-05-04 03:36:04;ibm_fez;0;True
2026-05-04 03:36:04;ibm_kingston;74;True
2026-05-04 03:36:04;ibm_marrakesh;0;True
2026-05-04 04:36:08;ibm_fez;1;True
2026-05-04 04:36:08;ibm_kingston;45;True
2026-05-04 04:36:08;ibm_marrakesh;0;True
2026-05-04 05:36:12;ibm_fez;16;True
2026-05-04 05:36:12;ibm_kingston;48;True
2026-05-04 05:36:12;ibm_marrakesh;0;True
2026-05-04 06:36:16;ibm_fez;0;True
2026-05-04 06:36:16;ibm_kingston;0;True
2026-05-04 06:36:16;ibm_marrakesh;0;True
2026-05-04 07:36:20;ibm_fez;0;True
2026-05-04 07:36:20;ibm_kingston;0;True
2026-05-04 07:36:20;ibm_marrakesh;0;True
2026-05-04 08:36:25;ibm_fez;0;True
2026-05-04 08:36:25;ibm_kingston;0;True
2026-05-04 08:36:25;ibm_marrakesh;0;True
2026-05-04 09:36:29;ibm_fez;0;True
2026-05-04 09:36:29;ibm_kingston;0;True
2026-05-04 09:36:29;ibm_marrakesh;0;True
2026-05-04 10:36:34;ibm_fez;0;True
2026-05-04 10:36:34;ibm_kingston;0;True
2026-05-04 10:36:34;ibm_marrakesh;0;True
2026-05-04 11:36:38;ibm_fez;1;True
2026-05-04 11:36:38;ibm_kingston;0;True
2026-05-04 11:36:38;ibm_marrakesh;0;True
2026-05-04 12:36:42;ibm_fez;0;True
2026-05-04 12:36:42;ibm_kingston;0;True
2026-05-04 12:36:42;ibm_marrakesh;0;True
2026-05-04 13:36:46;ibm_fez;0;True
2026-05-04 13:36:46;ibm_kingston;0;True
2026-05-04 13:36:46;ibm_marrakesh;0;True
2026-05-04 14:36:50;ibm_fez;1;True
2026-05-04 14:36:50;ibm_kingston;4;True
2026-05-04 14:36:50;ibm_marrakesh;1;True
2026-05-04 15:36:55;ibm_fez;0;True
2026-05-04 15:36:55;ibm_kingston;0;True
2026-05-04 15:36:55;ibm_marrakesh;0;True
2026-05-04 16:36:59;ibm_fez;100;True
2026-05-04 16:36:59;ibm_kingston;210;True
2026-05-04 16:36:59;ibm_marrakesh;116;True
2026-05-04 17:37:04;ibm_fez;0;True
2026-05-04 17:37:04;ibm_kingston;744;True
2026-05-04 17:37:04;ibm_marrakesh;37;True
2026-05-04 18:37:08;ibm_fez;0;True
2026-05-04 18:37:08;ibm_kingston;754;True
2026-05-04 18:37:08;ibm_marrakesh;1;True
2026-05-04 19:37:13;ibm_fez;0;True
2026-05-04 19:37:13;ibm_kingston;759;True
2026-05-04 19:37:13;ibm_marrakesh;7;True
2026-05-04 20:37:17;ibm_fez;1;True
2026-05-04 20:37:17;ibm_kingston;765;True
2026-05-04 20:37:17;ibm_marrakesh;0;True
2026-05-04 21:37:21;ibm_fez;0;True
2026-05-04 21:37:21;ibm_kingston;520;True
2026-05-04 21:37:21;ibm_marrakesh;0;True
2026-05-04 22:37:25;ibm_fez;0;True
2026-05-04 22:37:25;ibm_kingston;0;True
2026-05-04 22:37:25;ibm_marrakesh;0;True
2026-05-04 23:37:29;ibm_fez;0;True
2026-05-04 23:37:29;ibm_kingston;0;True
2026-05-04 23:37:29;ibm_marrakesh;0;True
2026-05-05 00:37:33;ibm_fez;0;True
2026-05-05 00:37:33;ibm_kingston;0;True
2026-05-05 00:37:33;ibm_marrakesh;0;True
2026-05-05 01:37:38;ibm_fez;0;True
2026-05-05 01:37:38;ibm_kingston;0;True
2026-05-05 01:37:38;ibm_marrakesh;0;True
2026-05-05 02:37:43;ibm_fez;109;True
2026-05-05 02:37:43;ibm_kingston;0;True
2026-05-05 02:37:43;ibm_marrakesh;0;True
2026-05-05 03:37:48;ibm_fez;66;True
2026-05-05 03:37:48;ibm_kingston;0;True
2026-05-05 03:37:48;ibm_marrakesh;0;True
2026-05-05 04:37:52;ibm_fez;0;True
2026-05-05 04:37:52;ibm_kingston;0;True
2026-05-05 04:37:52;ibm_marrakesh;5;True
2026-05-05 05:37:56;ibm_fez;0;True
2026-05-05 05:37:56;ibm_kingston;0;True
2026-05-05 05:37:56;ibm_marrakesh;14;True
2026-05-05 06:38:01;ibm_fez;0;True
2026-05-05 06:38:01;ibm_kingston;0;True
2026-05-05 06:38:01;ibm_marrakesh;18;True
2026-05-05 07:38:04;ibm_fez;0;True
2026-05-05 07:38:04;ibm_kingston;0;True
2026-05-05 07:38:04;ibm_marrakesh;51;True
2026-05-05 08:38:08;ibm_fez;0;True
2026-05-05 08:38:08;ibm_kingston;0;True
2026-05-05 08:38:08;ibm_marrakesh;41;True
2026-05-05 09:38:12;ibm_fez;10;True
2026-05-05 09:38:12;ibm_kingston;0;True
2026-05-05 09:38:12;ibm_marrakesh;71;True
2026-05-05 10:38:16;ibm_fez;27;True
2026-05-05 10:38:16;ibm_kingston;0;True
2026-05-05 10:38:16;ibm_marrakesh;73;True
2026-05-05 11:38:19;ibm_fez;0;True
2026-05-05 11:38:19;ibm_kingston;0;True
2026-05-05 11:38:19;ibm_marrakesh;79;True
2026-05-05 12:38:23;ibm_fez;10;True
2026-05-05 12:38:23;ibm_kingston;0;True
2026-05-05 12:38:23;ibm_marrakesh;44;True
2026-05-05 13:38:27;ibm_fez;10;True
2026-05-05 13:38:27;ibm_kingston;0;True
2026-05-05 13:38:27;ibm_marrakesh;85;True
2026-05-05 14:38:32;ibm_fez;0;True
2026-05-05 14:38:32;ibm_kingston;0;True
2026-05-05 14:38:32;ibm_marrakesh;60;True
2026-05-05 15:38:36;ibm_fez;0;True
2026-05-05 15:38:36;ibm_kingston;0;True
2026-05-05 15:38:36;ibm_marrakesh;89;True
2026-05-05 16:38:41;ibm_fez;0;True
2026-05-05 16:38:41;ibm_kingston;0;True
2026-05-05 16:38:41;ibm_marrakesh;98;True
2026-05-05 17:38:45;ibm_fez;0;True
2026-05-05 17:38:45;ibm_kingston;0;True
2026-05-05 17:38:45;ibm_marrakesh;81;True
2026-05-05 18:38:50;ibm_fez;8;True
2026-05-05 18:38:50;ibm_kingston;9;True
2026-05-05 18:38:50;ibm_marrakesh;74;True
2026-05-05 19:38:55;ibm_fez;1;True
2026-05-05 19:38:55;ibm_kingston;36;True
2026-05-05 19:38:55;ibm_marrakesh;5;True
2026-05-05 20:38:59;ibm_fez;9;True
2026-05-05 20:38:59;ibm_kingston;13;True
2026-05-05 20:38:59;ibm_marrakesh;12;True
2026-05-05 21:39:03;ibm_fez;0;True
2026-05-05 21:39:03;ibm_kingston;7;True
2026-05-05 21:39:03;ibm_marrakesh;0;True
2026-05-05 22:39:08;ibm_fez;0;True
2026-05-05 22:39:08;ibm_kingston;19;True
2026-05-05 22:39:08;ibm_marrakesh;0;True
2026-05-05 23:39:12;ibm_fez;0;True
2026-05-05 23:39:12;ibm_kingston;0;True
2026-05-05 23:39:12;ibm_marrakesh;0;True
2026-05-06 00:39:17;ibm_fez;0;True
2026-05-06 00:39:17;ibm_kingston;0;True
2026-05-06 00:39:17;ibm_marrakesh;0;True
2026-05-06 01:39:21;ibm_fez;0;True
2026-05-06 01:39:21;ibm_kingston;2;True
2026-05-06 01:39:21;ibm_marrakesh;0;True
2026-05-06 02:39:26;ibm_fez;1;True
2026-05-06 02:39:26;ibm_kingston;5;True
2026-05-06 02:39:26;ibm_marrakesh;0;True
2026-05-06 03:39:30;ibm_fez;0;True
2026-05-06 03:39:30;ibm_kingston;0;True
2026-05-06 03:39:30;ibm_marrakesh;0;True
2026-05-06 04:39:34;ibm_fez;0;True
2026-05-06 04:39:34;ibm_kingston;0;True
2026-05-06 04:39:34;ibm_marrakesh;0;True
2026-05-06 05:39:39;ibm_fez;0;True
2026-05-06 05:39:39;ibm_kingston;0;True
2026-05-06 05:39:39;ibm_marrakesh;0;True
2026-05-06 06:39:44;ibm_fez;0;True
2026-05-06 06:39:44;ibm_kingston;0;True
2026-05-06 06:39:44;ibm_marrakesh;0;True
2026-05-06 07:39:48;ibm_fez;13;True
2026-05-06 07:39:48;ibm_kingston;0;True
2026-05-06 07:39:48;ibm_marrakesh;0;True
2026-05-06 08:40:58;ibm_fez;33;True
2026-05-06 08:40:58;ibm_kingston;0;True
2026-05-06 08:40:58;ibm_marrakesh;0;True
2026-05-06 09:41:02;ibm_fez;36;True
2026-05-06 09:41:02;ibm_kingston;7;True
2026-05-06 09:41:02;ibm_marrakesh;8;True
2026-05-06 10:41:06;ibm_fez;0;True
2026-05-06 10:41:06;ibm_kingston;0;True
2026-05-06 10:41:06;ibm_marrakesh;0;True
2026-05-06 11:41:10;ibm_fez;22;True
2026-05-06 11:41:10;ibm_kingston;42;True
2026-05-06 11:41:10;ibm_marrakesh;0;True
2026-05-06 12:41:14;ibm_fez;0;True
2026-05-06 12:41:14;ibm_kingston;0;True
2026-05-06 12:41:14;ibm_marrakesh;0;True
2026-05-06 13:41:17;ibm_fez;0;True
2026-05-06 13:41:17;ibm_kingston;0;True
2026-05-06 13:41:17;ibm_marrakesh;0;True
2026-05-06 14:41:22;ibm_fez;47;True
2026-05-06 14:41:22;ibm_kingston;12;True
2026-05-06 14:41:22;ibm_marrakesh;8;True
2026-05-06 15:41:28;ibm_fez;0;True
2026-05-06 15:41:28;ibm_kingston;28;True
2026-05-06 15:41:28;ibm_marrakesh;35;True
2026-05-06 16:41:32;ibm_fez;0;True
2026-05-06 16:41:32;ibm_kingston;574;True
2026-05-06 16:41:32;ibm_marrakesh;2;True
2026-05-06 17:41:36;ibm_fez;0;True
2026-05-06 17:41:36;ibm_kingston;0;True
2026-05-06 17:41:36;ibm_marrakesh;0;True
2026-05-06 18:41:40;ibm_fez;0;True
2026-05-06 18:41:40;ibm_kingston;0;True
2026-05-06 18:41:40;ibm_marrakesh;0;True
2026-05-06 19:41:44;ibm_fez;0;True
2026-05-06 19:41:44;ibm_kingston;0;True
2026-05-06 19:41:44;ibm_marrakesh;0;True
2026-05-06 20:41:50;ibm_fez;1;True
2026-05-06 20:41:50;ibm_kingston;44;True
2026-05-06 20:41:50;ibm_marrakesh;0;True
2026-05-06 21:41:53;ibm_fez;9;True
2026-05-06 21:41:53;ibm_kingston;23;True
2026-05-06 21:41:53;ibm_marrakesh;0;True
2026-05-06 22:41:58;ibm_fez;0;True
2026-05-06 22:41:58;ibm_kingston;18;True
2026-05-06 22:41:58;ibm_marrakesh;0;True
2026-05-06 23:42:01;ibm_fez;0;True
2026-05-06 23:42:01;ibm_kingston;5;True
2026-05-06 23:42:01;ibm_marrakesh;0;True
2026-05-07 00:42:06;ibm_fez;0;True
2026-05-07 00:42:06;ibm_kingston;28;True
2026-05-07 00:42:06;ibm_marrakesh;0;True
2026-05-07 01:42:10;ibm_fez;2;True
2026-05-07 01:42:10;ibm_kingston;0;True
2026-05-07 01:42:10;ibm_marrakesh;0;True
2026-05-07 02:42:15;ibm_fez;5;True
2026-05-07 02:42:15;ibm_kingston;0;True
2026-05-07 02:42:15;ibm_marrakesh;0;True
2026-05-07 03:42:19;ibm_fez;0;True
2026-05-07 03:42:19;ibm_kingston;11;True
2026-05-07 03:42:19;ibm_marrakesh;0;True
2026-05-07 04:42:24;ibm_fez;0;True
2026-05-07 04:42:24;ibm_kingston;1;True
2026-05-07 04:42:24;ibm_marrakesh;0;True
2026-05-07 05:42:27;ibm_fez;0;True
2026-05-07 05:42:27;ibm_kingston;0;True
2026-05-07 05:42:27;ibm_marrakesh;0;True
2026-05-07 06:42:31;ibm_fez;0;True
2026-05-07 06:42:31;ibm_kingston;0;True
2026-05-07 06:42:31;ibm_marrakesh;0;True
2026-05-07 07:42:36;ibm_fez;0;True
2026-05-07 07:42:36;ibm_kingston;0;True
2026-05-07 07:42:36;ibm_marrakesh;0;True
2026-05-07 08:42:40;ibm_fez;0;True
2026-05-07 08:42:40;ibm_kingston;0;True
2026-05-07 08:42:40;ibm_marrakesh;0;True
2026-05-07 09:42:43;ibm_fez;0;True
2026-05-07 09:42:43;ibm_kingston;0;True
2026-05-07 09:42:43;ibm_marrakesh;0;True
2026-05-07 10:42:48;ibm_fez;21;True
2026-05-07 10:42:48;ibm_kingston;24;True
2026-05-07 10:42:48;ibm_marrakesh;0;True
2026-05-07 11:42:52;ibm_fez;0;True
2026-05-07 11:42:52;ibm_kingston;0;True
2026-05-07 11:42:52;ibm_marrakesh;1;True
2026-05-07 12:42:56;ibm_fez;0;True
2026-05-07 12:42:56;ibm_kingston;0;True
2026-05-07 12:42:56;ibm_marrakesh;1;True
2026-05-07 13:43:00;ibm_fez;2;True
2026-05-07 13:43:00;ibm_kingston;5;True
2026-05-07 13:43:00;ibm_marrakesh;0;True
2026-05-07 14:43:05;ibm_fez;0;True
2026-05-07 14:43:05;ibm_kingston;0;True
2026-05-07 14:43:05;ibm_marrakesh;0;True
2026-05-07 15:43:10;ibm_fez;5;True
2026-05-07 15:43:10;ibm_kingston;1;True
2026-05-07 15:43:10;ibm_marrakesh;0;True
2026-05-07 16:43:14;ibm_fez;0;True
2026-05-07 16:43:14;ibm_kingston;0;True
2026-05-07 16:43:14;ibm_marrakesh;0;True
2026-05-07 17:43:18;ibm_fez;0;True
2026-05-07 17:43:18;ibm_kingston;2;True
2026-05-07 17:43:18;ibm_marrakesh;0;True
2026-05-07 18:43:23;ibm_fez;1;True
2026-05-07 18:43:23;ibm_kingston;1;True
2026-05-07 18:43:23;ibm_marrakesh;42;True
2026-05-07 19:43:28;ibm_fez;93;True
2026-05-07 19:43:28;ibm_kingston;0;True
2026-05-07 19:43:28;ibm_marrakesh;8;True
2026-05-07 20:43:32;ibm_fez;2;True
2026-05-07 20:43:32;ibm_kingston;0;True
2026-05-07 20:43:32;ibm_marrakesh;6;True
2026-05-07 21:43:36;ibm_fez;9;True
2026-05-07 21:43:36;ibm_kingston;0;True
2026-05-07 21:43:36;ibm_marrakesh;18;True
2026-05-07 22:43:40;ibm_fez;0;True
2026-05-07 22:43:40;ibm_kingston;4;True
2026-05-07 22:43:40;ibm_marrakesh;12;True
2026-05-07 23:43:45;ibm_fez;4;True
2026-05-07 23:43:45;ibm_kingston;0;True
2026-05-07 23:43:45;ibm_marrakesh;0;True
2026-05-08 00:43:50;ibm_fez;26;True
2026-05-08 00:43:50;ibm_kingston;0;True
2026-05-08 00:43:50;ibm_marrakesh;2;True
2026-05-08 01:43:54;ibm_fez;0;True
2026-05-08 01:43:54;ibm_kingston;0;True
2026-05-08 01:43:54;ibm_marrakesh;14;True
2026-05-08 02:43:58;ibm_fez;1;True
2026-05-08 02:43:58;ibm_kingston;0;True
2026-05-08 02:43:58;ibm_marrakesh;0;True
2026-05-08 03:44:03;ibm_fez;1;True
2026-05-08 03:44:03;ibm_kingston;5;True
2026-05-08 03:44:03;ibm_marrakesh;0;True
2026-05-08 04:44:08;ibm_fez;0;True
2026-05-08 04:44:08;ibm_kingston;19;True
2026-05-08 04:44:08;ibm_marrakesh;28;True
2026-05-08 05:44:12;ibm_fez;0;True
2026-05-08 05:44:12;ibm_kingston;44;True
2026-05-08 05:44:12;ibm_marrakesh;17;True
2026-05-08 06:44:19;ibm_fez;11;True
2026-05-08 06:44:19;ibm_kingston;7;True
2026-05-08 06:44:19;ibm_marrakesh;0;True
2026-05-08 07:44:23;ibm_fez;0;True
2026-05-08 07:44:23;ibm_kingston;6;True
2026-05-08 07:44:23;ibm_marrakesh;2;True
2026-05-08 08:44:28;ibm_fez;0;True
2026-05-08 08:44:28;ibm_kingston;25;True
2026-05-08 08:44:28;ibm_marrakesh;11;True
2026-05-08 09:44:32;ibm_fez;0;True
2026-05-08 09:44:32;ibm_kingston;0;True
2026-05-08 09:44:32;ibm_marrakesh;0;True
2026-05-08 10:44:36;ibm_fez;21;True
2026-05-08 10:44:36;ibm_kingston;5;True
2026-05-08 10:44:36;ibm_marrakesh;4;True
2026-05-08 11:44:39;ibm_fez;7;True
2026-05-08 11:44:39;ibm_kingston;1;True
2026-05-08 11:44:39;ibm_marrakesh;25;True
2026-05-08 12:44:44;ibm_fez;4;True
2026-05-08 12:44:44;ibm_kingston;0;True
2026-05-08 12:44:44;ibm_marrakesh;9;True
2026-05-08 13:44:48;ibm_fez;0;True
2026-05-08 13:44:48;ibm_kingston;0;True
2026-05-08 13:44:48;ibm_marrakesh;0;True
2026-05-08 14:44:53;ibm_fez;3;True
2026-05-08 14:44:53;ibm_kingston;0;True
2026-05-08 14:44:53;ibm_marrakesh;0;True
2026-05-08 15:44:57;ibm_fez;5;True
2026-05-08 15:44:57;ibm_kingston;0;True
2026-05-08 15:44:57;ibm_marrakesh;0;True
2026-05-08 16:45:01;ibm_fez;0;True
2026-05-08 16:45:01;ibm_kingston;0;True
2026-05-08 16:45:01;ibm_marrakesh;3;True
2026-05-08 17:45:06;ibm_fez;0;True
2026-05-08 17:45:06;ibm_kingston;16;True
2026-05-08 17:45:06;ibm_marrakesh;2;True
2026-05-08 18:45:10;ibm_fez;0;True
2026-05-08 18:45:10;ibm_kingston;48;True
2026-05-08 18:45:10;ibm_marrakesh;24;True
2026-05-08 19:45:17;ibm_fez;2;True
2026-05-08 19:45:17;ibm_kingston;11;True
2026-05-08 19:45:17;ibm_marrakesh;3;True
2026-05-08 20:45:21;ibm_fez;0;True
2026-05-08 20:45:21;ibm_kingston;4;True
2026-05-08 20:45:21;ibm_marrakesh;25;True
2026-05-08 21:45:25;ibm_fez;1;True
2026-05-08 21:45:25;ibm_kingston;0;True
2026-05-08 21:45:25;ibm_marrakesh;4;True
2026-05-08 22:45:30;ibm_fez;0;True
2026-05-08 22:45:30;ibm_kingston;0;True
2026-05-08 22:45:30;ibm_marrakesh;0;True
2026-05-08 23:45:35;ibm_fez;0;True
2026-05-08 23:45:35;ibm_kingston;0;True
2026-05-08 23:45:35;ibm_marrakesh;0;True
2026-05-09 00:45:38;ibm_fez;0;True
2026-05-09 00:45:38;ibm_kingston;0;True
2026-05-09 00:45:38;ibm_marrakesh;0;True
2026-05-09 01:45:43;ibm_fez;0;True
2026-05-09 01:45:43;ibm_kingston;7;True
2026-05-09 01:45:43;ibm_marrakesh;0;True
2026-05-09 02:45:46;ibm_fez;4;True
2026-05-09 02:45:46;ibm_kingston;31;True
2026-05-09 02:45:46;ibm_marrakesh;0;True
2026-05-09 03:45:50;ibm_fez;0;True
2026-05-09 03:45:50;ibm_kingston;0;True
2026-05-09 03:45:50;ibm_marrakesh;0;True
2026-05-09 04:45:55;ibm_fez;0;True
2026-05-09 04:45:55;ibm_kingston;17;True
2026-05-09 04:45:55;ibm_marrakesh;0;True
2026-05-09 05:46:00;ibm_fez;0;True
2026-05-09 05:46:00;ibm_kingston;0;True
2026-05-09 05:46:00;ibm_marrakesh;0;True
2026-05-09 06:46:04;ibm_fez;2;True
2026-05-09 06:46:04;ibm_kingston;0;True
2026-05-09 06:46:04;ibm_marrakesh;0;True
2026-05-09 07:46:09;ibm_fez;0;True
2026-05-09 07:46:09;ibm_kingston;0;True
2026-05-09 07:46:09;ibm_marrakesh;0;True
2026-05-09 08:46:12;ibm_fez;0;True
2026-05-09 08:46:12;ibm_kingston;0;True
2026-05-09 08:46:12;ibm_marrakesh;0;True
2026-05-09 09:46:16;ibm_fez;0;True
2026-05-09 09:46:16;ibm_kingston;0;True
2026-05-09 09:46:16;ibm_marrakesh;0;True
2026-05-09 10:46:20;ibm_fez;0;True
2026-05-09 10:46:20;ibm_kingston;1;True
2026-05-09 10:46:20;ibm_marrakesh;0;True
2026-05-09 11:46:24;ibm_fez;0;True
2026-05-09 11:46:24;ibm_kingston;11;True
2026-05-09 11:46:24;ibm_marrakesh;0;True
2026-05-09 12:46:29;ibm_fez;0;True
2026-05-09 12:46:29;ibm_kingston;1;True
2026-05-09 12:46:29;ibm_marrakesh;0;True
2026-05-09 13:46:32;ibm_fez;0;True
2026-05-09 13:46:32;ibm_kingston;1;True
2026-05-09 13:46:32;ibm_marrakesh;1;True
2026-05-09 14:46:37;ibm_fez;0;True
2026-05-09 14:46:37;ibm_kingston;0;True
2026-05-09 14:46:37;ibm_marrakesh;0;True
2026-05-09 15:46:42;ibm_fez;0;True
2026-05-09 15:46:42;ibm_kingston;0;True
2026-05-09 15:46:42;ibm_marrakesh;0;True
2026-05-09 16:46:47;ibm_fez;2;True
2026-05-09 16:46:47;ibm_kingston;1;True
2026-05-09 16:46:47;ibm_marrakesh;0;True
2026-05-09 17:46:51;ibm_fez;23;True
2026-05-09 17:46:51;ibm_kingston;21;True
2026-05-09 17:46:51;ibm_marrakesh;16;True
2026-05-09 18:46:55;ibm_fez;40;True
2026-05-09 18:46:55;ibm_kingston;19;True
2026-05-09 18:46:55;ibm_marrakesh;29;True
2026-05-09 19:47:01;ibm_fez;88;True
2026-05-09 19:47:01;ibm_kingston;60;True
2026-05-09 19:47:01;ibm_marrakesh;9;True
2026-05-09 20:47:05;ibm_fez;91;True
2026-05-09 20:47:05;ibm_kingston;66;True
2026-05-09 20:47:05;ibm_marrakesh;1;True
2026-05-09 21:47:09;ibm_fez;108;True
2026-05-09 21:47:09;ibm_kingston;0;True
2026-05-09 21:47:09;ibm_marrakesh;0;True
2026-05-09 22:47:13;ibm_fez;112;True
2026-05-09 22:47:13;ibm_kingston;0;True
2026-05-09 22:47:13;ibm_marrakesh;0;True
2026-05-09 23:47:17;ibm_fez;130;True
2026-05-09 23:47:17;ibm_kingston;0;True
2026-05-09 23:47:17;ibm_marrakesh;0;True
2026-05-10 00:47:22;ibm_fez;177;True
2026-05-10 00:47:22;ibm_kingston;0;True
2026-05-10 00:47:22;ibm_marrakesh;0;True
2026-05-10 01:47:26;ibm_fez;181;True
2026-05-10 01:47:26;ibm_kingston;18;True
2026-05-10 01:47:26;ibm_marrakesh;1;True
2026-05-10 02:47:30;ibm_fez;194;True
2026-05-10 02:47:30;ibm_kingston;7;True
2026-05-10 02:47:30;ibm_marrakesh;1;True
2026-05-10 03:47:34;ibm_fez;209;True
2026-05-10 03:47:34;ibm_kingston;0;True
2026-05-10 03:47:34;ibm_marrakesh;0;True
2026-05-10 04:47:39;ibm_fez;161;True
2026-05-10 04:47:39;ibm_kingston;0;True
2026-05-10 04:47:39;ibm_marrakesh;0;True
2026-05-10 05:47:43;ibm_fez;0;True
2026-05-10 05:47:43;ibm_kingston;0;True
2026-05-10 05:47:43;ibm_marrakesh;1;True
2026-05-10 06:47:47;ibm_fez;0;True
2026-05-10 06:47:47;ibm_kingston;4;True
2026-05-10 06:47:47;ibm_marrakesh;0;True
2026-05-10 07:47:52;ibm_fez;0;True
2026-05-10 07:47:52;ibm_kingston;0;True
2026-05-10 07:47:52;ibm_marrakesh;0;True
2026-05-10 08:47:57;ibm_fez;0;True
2026-05-10 08:47:57;ibm_kingston;2;True
2026-05-10 08:47:57;ibm_marrakesh;0;True
2026-05-10 09:48:00;ibm_fez;0;True
2026-05-10 09:48:00;ibm_kingston;0;True
2026-05-10 09:48:00;ibm_marrakesh;0;True
2026-05-10 10:48:05;ibm_fez;0;True
2026-05-10 10:48:05;ibm_kingston;0;True
2026-05-10 10:48:05;ibm_marrakesh;0;True
2026-05-10 11:48:09;ibm_fez;0;True
2026-05-10 11:48:09;ibm_kingston;0;True
2026-05-10 11:48:09;ibm_marrakesh;0;True
2026-05-10 12:48:13;ibm_fez;0;True
2026-05-10 12:48:13;ibm_kingston;0;True
2026-05-10 12:48:13;ibm_marrakesh;0;True
2026-05-10 13:48:18;ibm_fez;0;True
2026-05-10 13:48:18;ibm_kingston;0;True
2026-05-10 13:48:18;ibm_marrakesh;0;True
2026-05-10 14:48:22;ibm_fez;0;True
2026-05-10 14:48:22;ibm_kingston;0;True
2026-05-10 14:48:22;ibm_marrakesh;0;True
2026-05-10 15:48:27;ibm_fez;0;True
2026-05-10 15:48:27;ibm_kingston;0;True
2026-05-10 15:48:27;ibm_marrakesh;0;True
2026-05-10 16:48:30;ibm_fez;0;True
2026-05-10 16:48:30;ibm_kingston;0;True
2026-05-10 16:48:30;ibm_marrakesh;10;True
2026-05-10 17:48:35;ibm_fez;17;True
2026-05-10 17:48:35;ibm_kingston;0;True
2026-05-10 17:48:35;ibm_marrakesh;79;True
2026-05-10 18:48:41;ibm_fez;3;True
2026-05-10 18:48:41;ibm_kingston;0;True
2026-05-10 18:48:41;ibm_marrakesh;0;True
2026-05-10 19:48:45;ibm_fez;0;True
2026-05-10 19:48:45;ibm_kingston;4;True
2026-05-10 19:48:45;ibm_marrakesh;0;True
2026-05-10 20:48:49;ibm_fez;4;True
2026-05-10 20:48:49;ibm_kingston;0;True
2026-05-10 20:48:49;ibm_marrakesh;0;True
2026-05-10 21:48:54;ibm_fez;2;True
2026-05-10 21:48:54;ibm_kingston;0;True
2026-05-10 21:48:54;ibm_marrakesh;0;True
2026-05-10 22:48:58;ibm_fez;0;True
2026-05-10 22:48:58;ibm_kingston;0;True
2026-05-10 22:48:58;ibm_marrakesh;0;True
2026-05-10 23:49:03;ibm_fez;0;True
2026-05-10 23:49:03;ibm_kingston;0;True
2026-05-10 23:49:03;ibm_marrakesh;0;True
2026-05-11 00:49:07;ibm_fez;7;True
2026-05-11 00:49:07;ibm_kingston;0;True
2026-05-11 00:49:07;ibm_marrakesh;0;True
2026-05-11 01:49:11;ibm_fez;0;True
2026-05-11 01:49:11;ibm_kingston;0;True
2026-05-11 01:49:11;ibm_marrakesh;0;True
2026-05-11 02:49:16;ibm_fez;11;True
2026-05-11 02:49:16;ibm_kingston;0;True
2026-05-11 02:49:16;ibm_marrakesh;1;True
2026-05-11 03:49:20;ibm_fez;0;True
2026-05-11 03:49:20;ibm_kingston;0;True
2026-05-11 03:49:20;ibm_marrakesh;0;True
2026-05-11 04:49:25;ibm_fez;0;True
2026-05-11 04:49:25;ibm_kingston;0;True
2026-05-11 04:49:25;ibm_marrakesh;0;True
2026-05-11 05:49:29;ibm_fez;0;True
2026-05-11 05:49:29;ibm_kingston;0;True
2026-05-11 05:49:29;ibm_marrakesh;0;True
2026-05-11 06:49:33;ibm_fez;0;True
2026-05-11 06:49:33;ibm_kingston;0;True
2026-05-11 06:49:33;ibm_marrakesh;0;True
2026-05-11 07:49:37;ibm_fez;0;True
2026-05-11 07:49:37;ibm_kingston;0;True
2026-05-11 07:49:37;ibm_marrakesh;0;True
2026-05-11 08:49:41;ibm_fez;0;True
2026-05-11 08:49:41;ibm_kingston;0;True
2026-05-11 08:49:41;ibm_marrakesh;0;True
2026-05-11 09:49:45;ibm_fez;53;True
2026-05-11 09:49:45;ibm_kingston;1;True
2026-05-11 09:49:45;ibm_marrakesh;0;True
2026-05-11 10:49:49;ibm_fez;59;True
2026-05-11 10:49:49;ibm_kingston;0;True
2026-05-11 10:49:49;ibm_marrakesh;0;True
2026-05-11 11:49:53;ibm_fez;65;True
2026-05-11 11:49:53;ibm_kingston;0;True
2026-05-11 11:49:53;ibm_marrakesh;0;True
2026-05-11 12:49:57;ibm_fez;98;True
2026-05-11 12:49:57;ibm_kingston;35;True
2026-05-11 12:49:57;ibm_marrakesh;1;True
2026-05-11 13:50:02;ibm_fez;0;True
2026-05-11 13:50:02;ibm_kingston;0;True
2026-05-11 13:50:02;ibm_marrakesh;0;True
2026-05-11 14:50:05;ibm_fez;43;True
2026-05-11 14:50:05;ibm_kingston;11;True
2026-05-11 14:50:05;ibm_marrakesh;45;True
2026-05-11 15:50:10;ibm_fez;76;True
2026-05-11 15:50:10;ibm_kingston;252;True
2026-05-11 15:50:10;ibm_marrakesh;254;True
2026-05-11 16:50:14;ibm_fez;3;True
2026-05-11 16:50:14;ibm_kingston;37;True
2026-05-11 16:50:14;ibm_marrakesh;0;True
2026-05-11 17:50:19;ibm_fez;0;True
2026-05-11 17:50:19;ibm_kingston;1;True
2026-05-11 17:50:19;ibm_marrakesh;0;True
2026-05-11 18:50:22;ibm_fez;0;True
2026-05-11 18:50:22;ibm_kingston;0;True
2026-05-11 18:50:22;ibm_marrakesh;0;True
2026-05-11 19:50:27;ibm_fez;0;True
2026-05-11 19:50:27;ibm_kingston;3;True
2026-05-11 19:50:27;ibm_marrakesh;0;True
2026-05-11 20:50:31;ibm_fez;0;True
2026-05-11 20:50:31;ibm_kingston;0;True
2026-05-11 20:50:31;ibm_marrakesh;0;True
2026-05-11 21:50:36;ibm_fez;0;True
2026-05-11 21:50:36;ibm_kingston;0;True
2026-05-11 21:50:36;ibm_marrakesh;0;True
2026-05-11 22:50:56;ibm_fez;1;True
2026-05-11 22:50:56;ibm_kingston;0;True
2026-05-11 22:50:56;ibm_marrakesh;0;True
2026-05-11 23:50:59;ibm_fez;0;True
2026-05-11 23:50:59;ibm_kingston;2;True
2026-05-11 23:50:59;ibm_marrakesh;1;True
2026-05-12 00:51:04;ibm_fez;1;True
2026-05-12 00:51:04;ibm_kingston;0;True
2026-05-12 00:51:04;ibm_marrakesh;3;True
2026-05-12 01:51:08;ibm_fez;0;True
2026-05-12 01:51:08;ibm_kingston;0;True
2026-05-12 01:51:08;ibm_marrakesh;0;True
2026-05-12 02:51:12;ibm_fez;0;True
2026-05-12 02:51:12;ibm_kingston;0;True
2026-05-12 02:51:12;ibm_marrakesh;0;True
2026-05-12 03:51:17;ibm_fez;0;True
2026-05-12 03:51:17;ibm_kingston;0;True
2026-05-12 03:51:17;ibm_marrakesh;0;True
2026-05-12 04:51:20;ibm_fez;0;True
2026-05-12 04:51:20;ibm_kingston;0;True
2026-05-12 04:51:20;ibm_marrakesh;13;True
2026-05-12 05:51:27;ibm_fez;0;True
2026-05-12 05:51:27;ibm_kingston;0;True
2026-05-12 05:51:27;ibm_marrakesh;0;True
2026-05-12 06:51:31;ibm_fez;0;True
2026-05-12 06:51:31;ibm_kingston;0;True
2026-05-12 06:51:31;ibm_marrakesh;0;True
2026-05-12 07:51:35;ibm_fez;0;True
2026-05-12 07:51:35;ibm_kingston;0;True
2026-05-12 07:51:35;ibm_marrakesh;0;True
2026-05-12 08:51:40;ibm_fez;3;True
2026-05-12 08:51:40;ibm_kingston;4;True
2026-05-12 08:51:40;ibm_marrakesh;0;True
2026-05-12 09:51:44;ibm_fez;0;True
2026-05-12 09:51:44;ibm_kingston;10;True
2026-05-12 09:51:44;ibm_marrakesh;1;True
2026-05-12 10:51:49;ibm_fez;2;True
2026-05-12 10:51:49;ibm_kingston;4;True
2026-05-12 10:51:49;ibm_marrakesh;5;True
2026-05-12 11:51:54;ibm_fez;0;True
2026-05-12 11:51:54;ibm_kingston;0;True
2026-05-12 11:51:54;ibm_marrakesh;0;True
2026-05-12 12:51:57;ibm_fez;6;True
2026-05-12 12:51:57;ibm_kingston;0;True
2026-05-12 12:51:57;ibm_marrakesh;1;True
2026-05-12 13:52:01;ibm_fez;59;True
2026-05-12 13:52:01;ibm_kingston;4;True
2026-05-12 13:52:01;ibm_marrakesh;0;True
2026-05-12 14:52:05;ibm_fez;0;True
2026-05-12 14:52:05;ibm_kingston;0;True
2026-05-12 14:52:05;ibm_marrakesh;0;True
2026-05-12 15:52:10;ibm_fez;1;True
2026-05-12 15:52:10;ibm_kingston;2;True
2026-05-12 15:52:10;ibm_marrakesh;0;True
2026-05-12 16:52:14;ibm_fez;0;True
2026-05-12 16:52:14;ibm_kingston;0;True
2026-05-12 16:52:14;ibm_marrakesh;1;True
2026-05-12 17:52:18;ibm_fez;0;True
2026-05-12 17:52:18;ibm_kingston;1;True
2026-05-12 17:52:18;ibm_marrakesh;0;True
2026-05-12 18:52:22;ibm_fez;0;True
2026-05-12 18:52:22;ibm_kingston;0;True
2026-05-12 18:52:22;ibm_marrakesh;2;True
2026-05-12 19:52:27;ibm_fez;0;True
2026-05-12 19:52:27;ibm_kingston;0;True
2026-05-12 19:52:27;ibm_marrakesh;0;True
2026-05-12 20:52:31;ibm_fez;2;True
2026-05-12 20:52:31;ibm_kingston;0;True
2026-05-12 20:52:31;ibm_marrakesh;0;True
2026-05-12 21:52:36;ibm_fez;0;True
2026-05-12 21:52:36;ibm_kingston;0;True
2026-05-12 21:52:36;ibm_marrakesh;0;True
2026-05-12 22:52:40;ibm_fez;19;True
2026-05-12 22:52:40;ibm_kingston;0;True
2026-05-12 22:52:40;ibm_marrakesh;0;True
2026-05-12 23:52:44;ibm_fez;173;True
2026-05-12 23:52:44;ibm_kingston;1;True
2026-05-12 23:52:44;ibm_marrakesh;0;True
2026-05-13 00:52:48;ibm_fez;3;True
2026-05-13 00:52:48;ibm_kingston;2;True
2026-05-13 00:52:48;ibm_marrakesh;0;True
2026-05-13 01:52:53;ibm_fez;6;True
2026-05-13 01:52:53;ibm_kingston;0;True
2026-05-13 01:52:53;ibm_marrakesh;0;True
2026-05-13 02:52:58;ibm_fez;1;True
2026-05-13 02:52:58;ibm_kingston;0;True
2026-05-13 02:52:58;ibm_marrakesh;0;True
2026-05-13 03:53:03;ibm_fez;0;True
2026-05-13 03:53:03;ibm_kingston;0;True
2026-05-13 03:53:03;ibm_marrakesh;0;True
2026-05-13 04:53:06;ibm_fez;0;True
2026-05-13 04:53:06;ibm_kingston;0;True
2026-05-13 04:53:06;ibm_marrakesh;0;True
2026-05-13 05:53:11;ibm_fez;0;True
2026-05-13 05:53:11;ibm_kingston;0;True
2026-05-13 05:53:11;ibm_marrakesh;0;True
2026-05-13 06:53:14;ibm_fez;2;True
2026-05-13 06:53:14;ibm_kingston;0;True
2026-05-13 06:53:14;ibm_marrakesh;0;True
2026-05-13 07:53:19;ibm_fez;1;True
2026-05-13 07:53:19;ibm_kingston;0;True
2026-05-13 07:53:19;ibm_marrakesh;0;True
2026-05-13 08:53:23;ibm_fez;0;True
2026-05-13 08:53:23;ibm_kingston;0;True
2026-05-13 08:53:23;ibm_marrakesh;0;True
2026-05-13 09:53:28;ibm_fez;0;True
2026-05-13 09:53:28;ibm_kingston;1;True
2026-05-13 09:53:28;ibm_marrakesh;0;True
2026-05-13 10:53:31;ibm_fez;3;True
2026-05-13 10:53:31;ibm_kingston;0;True
2026-05-13 10:53:31;ibm_marrakesh;4;True
2026-05-13 11:53:36;ibm_fez;0;True
2026-05-13 11:53:36;ibm_kingston;0;True
2026-05-13 11:53:36;ibm_marrakesh;2;True
2026-05-13 12:53:39;ibm_fez;0;True
2026-05-13 12:53:39;ibm_kingston;0;True
2026-05-13 12:53:39;ibm_marrakesh;0;True
2026-05-13 13:53:44;ibm_fez;0;True
2026-05-13 13:53:44;ibm_kingston;0;True
2026-05-13 13:53:44;ibm_marrakesh;0;True
2026-05-13 14:53:48;ibm_fez;0;True
2026-05-13 14:53:48;ibm_kingston;0;True
2026-05-13 14:53:48;ibm_marrakesh;16;True
2026-05-13 15:53:52;ibm_fez;0;True
2026-05-13 15:53:52;ibm_kingston;0;True
2026-05-13 15:53:52;ibm_marrakesh;37;True
2026-05-13 16:53:57;ibm_fez;17;True
2026-05-13 16:53:57;ibm_kingston;16;True
2026-05-13 16:53:57;ibm_marrakesh;54;True
2026-05-13 17:54:00;ibm_fez;0;True
2026-05-13 17:54:00;ibm_kingston;11;True
2026-05-13 17:54:00;ibm_marrakesh;5;True
2026-05-13 18:54:05;ibm_fez;1;True
2026-05-13 18:54:05;ibm_kingston;1;True
2026-05-13 18:54:05;ibm_marrakesh;5;True
2026-05-13 19:54:10;ibm_fez;5;True
2026-05-13 19:54:10;ibm_kingston;1;True
2026-05-13 19:54:10;ibm_marrakesh;1;True
2026-05-13 20:54:14;ibm_fez;10;True
2026-05-13 20:54:14;ibm_kingston;8;True
2026-05-13 20:54:14;ibm_marrakesh;2;True
2026-05-13 21:54:19;ibm_fez;1;True
2026-05-13 21:54:19;ibm_kingston;0;True
2026-05-13 21:54:19;ibm_marrakesh;0;True
2026-05-13 22:54:24;ibm_fez;0;True
2026-05-13 22:54:24;ibm_kingston;0;True
2026-05-13 22:54:24;ibm_marrakesh;1;True
2026-05-13 23:54:29;ibm_fez;0;True
2026-05-13 23:54:29;ibm_kingston;0;True
2026-05-13 23:54:29;ibm_marrakesh;0;True
2026-05-14 00:54:33;ibm_fez;0;True
2026-05-14 00:54:33;ibm_kingston;0;True
2026-05-14 00:54:33;ibm_marrakesh;0;True
2026-05-14 01:54:37;ibm_fez;2;True
2026-05-14 01:54:37;ibm_kingston;0;True
2026-05-14 01:54:37;ibm_marrakesh;0;True
2026-05-14 02:54:42;ibm_fez;0;True
2026-05-14 02:54:42;ibm_kingston;0;True
2026-05-14 02:54:42;ibm_marrakesh;5;True
2026-05-14 03:54:47;ibm_fez;0;True
2026-05-14 03:54:47;ibm_kingston;0;True
2026-05-14 03:54:47;ibm_marrakesh;0;True
2026-05-14 04:54:52;ibm_fez;13;True
2026-05-14 04:54:52;ibm_kingston;13;True
2026-05-14 04:54:52;ibm_marrakesh;21;True
2026-05-14 05:54:57;ibm_fez;36;True
2026-05-14 05:54:57;ibm_kingston;0;True
2026-05-14 05:54:57;ibm_marrakesh;80;True
2026-05-14 06:55:02;ibm_fez;0;True
2026-05-14 06:55:02;ibm_kingston;0;True
2026-05-14 06:55:02;ibm_marrakesh;0;True
2026-05-14 07:55:06;ibm_fez;20;True
2026-05-14 07:55:06;ibm_kingston;1;True
2026-05-14 07:55:06;ibm_marrakesh;0;True
2026-05-14 08:55:11;ibm_fez;8;True
2026-05-14 08:55:11;ibm_kingston;0;True
2026-05-14 08:55:11;ibm_marrakesh;0;True
2026-05-14 09:55:15;ibm_fez;2;True
2026-05-14 09:55:15;ibm_kingston;0;True
2026-05-14 09:55:15;ibm_marrakesh;0;True
2026-05-14 10:55:19;ibm_fez;0;True
2026-05-14 10:55:19;ibm_kingston;0;True
2026-05-14 10:55:19;ibm_marrakesh;6;True
2026-05-14 11:55:23;ibm_fez;0;True
2026-05-14 11:55:23;ibm_kingston;0;True
2026-05-14 11:55:23;ibm_marrakesh;2;True
2026-05-14 12:55:28;ibm_fez;0;True
2026-05-14 12:55:28;ibm_kingston;0;True
2026-05-14 12:55:28;ibm_marrakesh;0;True
2026-05-14 13:55:33;ibm_fez;0;True
2026-05-14 13:55:33;ibm_kingston;96;True
2026-05-14 13:55:33;ibm_marrakesh;4;True
2026-05-14 14:55:39;ibm_fez;9;True
2026-05-14 14:55:39;ibm_kingston;0;True
2026-05-14 14:55:39;ibm_marrakesh;0;True
2026-05-14 15:55:43;ibm_fez;0;True
2026-05-14 15:55:43;ibm_kingston;0;True
2026-05-14 15:55:43;ibm_marrakesh;0;True
2026-05-14 16:55:48;ibm_fez;1;True
2026-05-14 16:55:48;ibm_kingston;0;True
2026-05-14 16:55:48;ibm_marrakesh;0;True
2026-05-14 17:55:52;ibm_fez;0;True
2026-05-14 17:55:52;ibm_kingston;0;True
2026-05-14 17:55:52;ibm_marrakesh;3;True
2026-05-14 18:55:57;ibm_fez;1;True
2026-05-14 18:55:57;ibm_kingston;0;True
2026-05-14 18:55:57;ibm_marrakesh;3;True
2026-05-14 19:56:00;ibm_fez;0;True
2026-05-14 19:56:00;ibm_kingston;0;True
2026-05-14 19:56:00;ibm_marrakesh;4;True
2026-05-14 20:56:06;ibm_fez;2;True
2026-05-14 20:56:06;ibm_kingston;0;True
2026-05-14 20:56:06;ibm_marrakesh;0;True
2026-05-14 21:56:09;ibm_fez;4;True
2026-05-14 21:56:09;ibm_kingston;6;True
2026-05-14 21:56:09;ibm_marrakesh;172;True
2026-05-14 22:56:14;ibm_fez;0;True
2026-05-14 22:56:14;ibm_kingston;0;True
2026-05-14 22:56:14;ibm_marrakesh;73;True
2026-05-14 23:56:17;ibm_fez;0;True
2026-05-14 23:56:17;ibm_kingston;0;True
2026-05-14 23:56:17;ibm_marrakesh;0;True
2026-05-15 00:56:22;ibm_fez;0;True
2026-05-15 00:56:22;ibm_kingston;0;True
2026-05-15 00:56:22;ibm_marrakesh;0;True
2026-05-15 01:56:26;ibm_fez;0;True
2026-05-15 01:56:26;ibm_kingston;0;True
2026-05-15 01:56:26;ibm_marrakesh;0;True
2026-05-15 02:56:31;ibm_fez;1;True
2026-05-15 02:56:31;ibm_kingston;0;True
2026-05-15 02:56:31;ibm_marrakesh;0;True
2026-05-15 03:56:36;ibm_fez;0;True
2026-05-15 03:56:36;ibm_kingston;1;True
2026-05-15 03:56:36;ibm_marrakesh;0;True
2026-05-15 04:56:41;ibm_fez;0;True
2026-05-15 04:56:41;ibm_kingston;0;True
2026-05-15 04:56:41;ibm_marrakesh;0;True
2026-05-15 05:56:45;ibm_fez;0;True
2026-05-15 05:56:45;ibm_kingston;0;True
2026-05-15 05:56:45;ibm_marrakesh;3;True
2026-05-15 06:56:49;ibm_fez;0;True
2026-05-15 06:56:49;ibm_kingston;0;True
2026-05-15 06:56:49;ibm_marrakesh;0;True
2026-05-15 07:56:54;ibm_fez;0;True
2026-05-15 07:56:54;ibm_kingston;0;True
2026-05-15 07:56:54;ibm_marrakesh;6;True
2026-05-15 08:56:58;ibm_fez;2;True
2026-05-15 08:56:58;ibm_kingston;0;True
2026-05-15 08:56:58;ibm_marrakesh;0;True
2026-05-15 09:57:02;ibm_fez;0;True
2026-05-15 09:57:02;ibm_kingston;1;True
2026-05-15 09:57:02;ibm_marrakesh;2;True
2026-05-15 10:57:07;ibm_fez;0;True
2026-05-15 10:57:07;ibm_kingston;0;True
2026-05-15 10:57:07;ibm_marrakesh;5;True
2026-05-15 11:57:11;ibm_fez;0;True
2026-05-15 11:57:11;ibm_kingston;0;True
2026-05-15 11:57:11;ibm_marrakesh;5;True
2026-05-15 12:57:16;ibm_fez;16;True
2026-05-15 12:57:16;ibm_kingston;4;True
2026-05-15 12:57:16;ibm_marrakesh;0;True
2026-05-15 13:57:21;ibm_fez;31;True
2026-05-15 13:57:21;ibm_kingston;8;True
2026-05-15 13:57:21;ibm_marrakesh;23;True
2026-05-15 14:57:25;ibm_fez;38;True
2026-05-15 14:57:25;ibm_kingston;4;True
2026-05-15 14:57:25;ibm_marrakesh;0;True
2026-05-15 15:57:29;ibm_fez;44;True
2026-05-15 15:57:29;ibm_kingston;10;True
2026-05-15 15:57:29;ibm_marrakesh;0;True
2026-05-15 16:57:34;ibm_fez;18978;True
2026-05-15 16:57:34;ibm_kingston;3;True
2026-05-15 16:57:34;ibm_marrakesh;0;True
2026-05-15 17:57:38;ibm_fez;18981;True
2026-05-15 17:57:38;ibm_kingston;8;True
2026-05-15 17:57:38;ibm_marrakesh;11;True
2026-05-15 18:57:43;ibm_fez;18957;True
2026-05-15 18:57:43;ibm_kingston;4;True
2026-05-15 18:57:43;ibm_marrakesh;0;True
2026-05-15 19:57:47;ibm_fez;18903;True
2026-05-15 19:57:47;ibm_kingston;0;True
2026-05-15 19:57:47;ibm_marrakesh;0;True
2026-05-15 20:57:51;ibm_fez;0;True
2026-05-15 20:57:51;ibm_kingston;0;True
2026-05-15 20:57:51;ibm_marrakesh;0;True
2026-05-15 21:57:56;ibm_fez;0;True
2026-05-15 21:57:56;ibm_kingston;0;True
2026-05-15 21:57:56;ibm_marrakesh;0;True
2026-05-15 22:58:00;ibm_fez;0;True
2026-05-15 22:58:00;ibm_kingston;0;True
2026-05-15 22:58:00;ibm_marrakesh;0;True
2026-05-15 23:58:05;ibm_fez;0;True
2026-05-15 23:58:05;ibm_kingston;0;True
2026-05-15 23:58:05;ibm_marrakesh;0;True
2026-05-16 00:58:08;ibm_fez;0;True
2026-05-16 00:58:08;ibm_kingston;0;True
2026-05-16 00:58:08;ibm_marrakesh;0;True
2026-05-16 01:58:13;ibm_fez;0;True
2026-05-16 01:58:13;ibm_kingston;0;True
2026-05-16 01:58:13;ibm_marrakesh;0;True
2026-05-16 02:58:17;ibm_fez;0;True
2026-05-16 02:58:17;ibm_kingston;0;True
2026-05-16 02:58:17;ibm_marrakesh;0;True
2026-05-16 03:58:22;ibm_fez;0;True
2026-05-16 03:58:22;ibm_kingston;0;True
2026-05-16 03:58:22;ibm_marrakesh;1;True
2026-05-16 04:58:26;ibm_fez;0;True
2026-05-16 04:58:26;ibm_kingston;0;True
2026-05-16 04:58:26;ibm_marrakesh;0;True
2026-05-16 05:58:30;ibm_fez;0;True
2026-05-16 05:58:30;ibm_kingston;0;True
2026-05-16 05:58:30;ibm_marrakesh;0;True
2026-05-16 06:58:35;ibm_fez;0;True
2026-05-16 06:58:35;ibm_kingston;0;True
2026-05-16 06:58:35;ibm_marrakesh;0;True
2026-05-16 07:58:40;ibm_fez;0;True
2026-05-16 07:58:40;ibm_kingston;0;True
2026-05-16 07:58:40;ibm_marrakesh;0;True
2026-05-16 08:58:43;ibm_fez;0;True
2026-05-16 08:58:43;ibm_kingston;0;True
2026-05-16 08:58:43;ibm_marrakesh;0;True
2026-05-16 09:58:48;ibm_fez;0;True
2026-05-16 09:58:48;ibm_kingston;0;True
2026-05-16 09:58:48;ibm_marrakesh;0;True
2026-05-16 10:58:53;ibm_fez;1;True
2026-05-16 10:58:53;ibm_kingston;0;True
2026-05-16 10:58:53;ibm_marrakesh;0;True
2026-05-16 11:58:57;ibm_fez;7;True
2026-05-16 11:58:57;ibm_kingston;0;True
2026-05-16 11:58:57;ibm_marrakesh;0;True
2026-05-16 12:59:01;ibm_fez;18;True
2026-05-16 12:59:01;ibm_kingston;0;True
2026-05-16 12:59:01;ibm_marrakesh;0;True
2026-05-16 13:59:07;ibm_fez;22;True
2026-05-16 13:59:07;ibm_kingston;9;True
2026-05-16 13:59:07;ibm_marrakesh;0;True
2026-05-16 14:59:12;ibm_fez;27;True
2026-05-16 14:59:12;ibm_kingston;0;True
2026-05-16 14:59:12;ibm_marrakesh;0;True
2026-05-16 15:59:15;ibm_fez;0;True
2026-05-16 15:59:15;ibm_kingston;0;True
2026-05-16 15:59:15;ibm_marrakesh;0;True
2026-05-16 16:59:20;ibm_fez;0;True
2026-05-16 16:59:20;ibm_kingston;0;True
2026-05-16 16:59:20;ibm_marrakesh;0;True
2026-05-16 17:59:24;ibm_fez;0;True
2026-05-16 17:59:24;ibm_kingston;0;True
2026-05-16 17:59:24;ibm_marrakesh;0;True
2026-05-16 18:59:28;ibm_fez;0;True
2026-05-16 18:59:28;ibm_kingston;0;True
2026-05-16 18:59:28;ibm_marrakesh;0;True
2026-05-16 19:59:33;ibm_fez;0;True
2026-05-16 19:59:33;ibm_kingston;0;True
2026-05-16 19:59:33;ibm_marrakesh;0;True
2026-05-16 20:59:37;ibm_fez;0;True
2026-05-16 20:59:37;ibm_kingston;0;True
2026-05-16 20:59:37;ibm_marrakesh;0;True
2026-05-16 21:59:42;ibm_fez;0;True
2026-05-16 21:59:42;ibm_kingston;0;True
2026-05-16 21:59:42;ibm_marrakesh;0;True
2026-05-16 22:59:47;ibm_fez;0;True
2026-05-16 22:59:47;ibm_kingston;0;True
2026-05-16 22:59:47;ibm_marrakesh;0;True
2026-05-16 23:59:52;ibm_fez;0;True
2026-05-16 23:59:52;ibm_kingston;0;True
2026-05-16 23:59:52;ibm_marrakesh;0;True
2026-05-17 00:59:56;ibm_fez;0;True
2026-05-17 00:59:56;ibm_kingston;0;True
2026-05-17 00:59:56;ibm_marrakesh;0;True
2026-05-17 02:00:01;ibm_fez;0;True
2026-05-17 02:00:01;ibm_kingston;0;True
2026-05-17 02:00:01;ibm_marrakesh;0;True
2026-05-17 03:00:05;ibm_fez;0;True
2026-05-17 03:00:05;ibm_kingston;0;True
2026-05-17 03:00:05;ibm_marrakesh;0;True
2026-05-17 04:00:10;ibm_fez;0;True
2026-05-17 04:00:10;ibm_kingston;0;True
2026-05-17 04:00:10;ibm_marrakesh;0;True
2026-05-17 05:00:14;ibm_fez;1;True
2026-05-17 05:00:14;ibm_kingston;0;True
2026-05-17 05:00:14;ibm_marrakesh;0;True
2026-05-17 06:00:20;ibm_fez;7;True
2026-05-17 06:00:20;ibm_kingston;0;True
2026-05-17 06:00:20;ibm_marrakesh;0;True
2026-05-17 07:00:24;ibm_fez;61;True
2026-05-17 07:00:24;ibm_kingston;0;True
2026-05-17 07:00:24;ibm_marrakesh;0;True
2026-05-17 08:00:29;ibm_fez;0;True
2026-05-17 08:00:29;ibm_kingston;0;True
2026-05-17 08:00:29;ibm_marrakesh;0;True
2026-05-17 09:00:33;ibm_fez;0;True
2026-05-17 09:00:33;ibm_kingston;0;True
2026-05-17 09:00:33;ibm_marrakesh;0;True
2026-05-17 10:00:38;ibm_fez;0;True
2026-05-17 10:00:38;ibm_kingston;0;True
2026-05-17 10:00:38;ibm_marrakesh;0;True
2026-05-17 11:00:42;ibm_fez;0;True
2026-05-17 11:00:42;ibm_kingston;0;True
2026-05-17 11:00:42;ibm_marrakesh;0;True
2026-05-17 12:00:47;ibm_fez;0;True
2026-05-17 12:00:47;ibm_kingston;0;True
2026-05-17 12:00:47;ibm_marrakesh;0;True
2026-05-17 13:00:51;ibm_fez;0;True
2026-05-17 13:00:51;ibm_kingston;0;True
2026-05-17 13:00:51;ibm_marrakesh;0;True
2026-05-17 14:00:55;ibm_fez;0;True
2026-05-17 14:00:55;ibm_kingston;1;True
2026-05-17 14:00:55;ibm_marrakesh;0;True
2026-05-17 15:00:59;ibm_fez;0;True
2026-05-17 15:00:59;ibm_kingston;0;True
2026-05-17 15:00:59;ibm_marrakesh;0;True
2026-05-17 16:01:04;ibm_fez;0;True
2026-05-17 16:01:04;ibm_kingston;0;True
2026-05-17 16:01:04;ibm_marrakesh;0;True
2026-05-17 17:01:09;ibm_fez;0;True
2026-05-17 17:01:09;ibm_kingston;0;True
2026-05-17 17:01:09;ibm_marrakesh;0;True
2026-05-17 18:01:13;ibm_fez;0;True
2026-05-17 18:01:13;ibm_kingston;0;True
2026-05-17 18:01:13;ibm_marrakesh;0;True
2026-05-17 19:01:18;ibm_fez;0;True
2026-05-17 19:01:18;ibm_kingston;0;True
2026-05-17 19:01:18;ibm_marrakesh;0;True
2026-05-17 20:01:23;ibm_fez;0;True
2026-05-17 20:01:23;ibm_kingston;0;True
2026-05-17 20:01:23;ibm_marrakesh;0;True
2026-05-17 21:01:27;ibm_fez;1;True
2026-05-17 21:01:27;ibm_kingston;0;True
2026-05-17 21:01:27;ibm_marrakesh;0;True
2026-05-17 22:01:32;ibm_fez;0;True
2026-05-17 22:01:32;ibm_kingston;6;True
2026-05-17 22:01:32;ibm_marrakesh;0;True
2026-05-17 23:01:36;ibm_fez;0;True
2026-05-17 23:01:36;ibm_kingston;0;True
2026-05-17 23:01:36;ibm_marrakesh;0;True
2026-05-18 00:01:41;ibm_fez;0;True
2026-05-18 00:01:41;ibm_kingston;0;True
2026-05-18 00:01:41;ibm_marrakesh;0;True
2026-05-18 01:01:44;ibm_fez;0;True
2026-05-18 01:01:44;ibm_kingston;0;True
2026-05-18 01:01:44;ibm_marrakesh;0;True
2026-05-18 02:01:49;ibm_fez;0;True
2026-05-18 02:01:49;ibm_kingston;0;True
2026-05-18 02:01:49;ibm_marrakesh;0;True
2026-05-18 03:01:53;ibm_fez;0;True
2026-05-18 03:01:53;ibm_kingston;0;True
2026-05-18 03:01:53;ibm_marrakesh;0;True
2026-05-18 04:01:57;ibm_fez;0;True
2026-05-18 04:01:57;ibm_kingston;0;True
2026-05-18 04:01:57;ibm_marrakesh;0;True
2026-05-18 05:02:01;ibm_fez;0;True
2026-05-18 05:02:01;ibm_kingston;0;True
2026-05-18 05:02:01;ibm_marrakesh;0;True
2026-05-18 06:02:05;ibm_fez;0;True
2026-05-18 06:02:05;ibm_kingston;0;True
2026-05-18 06:02:05;ibm_marrakesh;0;True
2026-05-18 07:02:09;ibm_fez;0;True
2026-05-18 07:02:09;ibm_kingston;0;True
2026-05-18 07:02:09;ibm_marrakesh;0;True
2026-05-18 08:02:14;ibm_fez;0;True
2026-05-18 08:02:14;ibm_kingston;0;True
2026-05-18 08:02:14;ibm_marrakesh;0;True
2026-05-18 09:02:18;ibm_fez;0;True
2026-05-18 09:02:18;ibm_kingston;0;True
2026-05-18 09:02:18;ibm_marrakesh;0;True
2026-05-18 10:02:23;ibm_fez;0;True
2026-05-18 10:02:23;ibm_kingston;0;True
2026-05-18 10:02:23;ibm_marrakesh;0;True
2026-05-18 11:02:27;ibm_fez;0;True
2026-05-18 11:02:27;ibm_kingston;0;True
2026-05-18 11:02:27;ibm_marrakesh;0;True
2026-05-18 12:02:31;ibm_fez;1;True
2026-05-18 12:02:31;ibm_kingston;0;True
2026-05-18 12:02:31;ibm_marrakesh;0;True
2026-05-18 13:02:36;ibm_fez;9;True
2026-05-18 13:02:36;ibm_kingston;0;True
2026-05-18 13:02:36;ibm_marrakesh;0;True
2026-05-18 14:02:40;ibm_fez;19;True
2026-05-18 14:02:40;ibm_kingston;0;True
2026-05-18 14:02:40;ibm_marrakesh;0;True
2026-05-18 15:02:44;ibm_fez;21;True
2026-05-18 15:02:44;ibm_kingston;0;True
2026-05-18 15:02:44;ibm_marrakesh;1;True
2026-05-18 16:02:49;ibm_fez;0;True
2026-05-18 16:02:49;ibm_kingston;38;True
2026-05-18 16:02:49;ibm_marrakesh;2;True
2026-05-18 17:02:53;ibm_fez;0;True
2026-05-18 17:02:53;ibm_kingston;0;True
2026-05-18 17:02:53;ibm_marrakesh;10;True
2026-05-18 18:02:58;ibm_fez;1;True
2026-05-18 18:02:58;ibm_kingston;4;True
2026-05-18 18:02:58;ibm_marrakesh;2;True
2026-05-18 19:03:02;ibm_fez;213;True
2026-05-18 19:03:02;ibm_kingston;51;True
2026-05-18 19:03:02;ibm_marrakesh;40;True
2026-05-18 20:03:07;ibm_fez;39247;True
2026-05-18 20:03:07;ibm_kingston;33605;True
2026-05-18 20:03:07;ibm_marrakesh;0;True
2026-05-18 21:03:11;ibm_fez;222;True
2026-05-18 21:03:11;ibm_kingston;0;True
2026-05-18 21:03:11;ibm_marrakesh;0;True
2026-05-18 22:03:16;ibm_fez;39256;True
2026-05-18 22:03:16;ibm_kingston;33518;True
2026-05-18 22:03:16;ibm_marrakesh;0;True
2026-05-18 23:03:20;ibm_fez;233;True
2026-05-18 23:03:20;ibm_kingston;0;True
2026-05-18 23:03:20;ibm_marrakesh;0;True
2026-05-19 00:03:25;ibm_fez;0;True
2026-05-19 00:03:25;ibm_kingston;0;True
2026-05-19 00:03:25;ibm_marrakesh;0;True
2026-05-19 01:03:29;ibm_fez;0;True
2026-05-19 01:03:29;ibm_kingston;0;True
2026-05-19 01:03:29;ibm_marrakesh;0;True
2026-05-19 02:03:33;ibm_fez;0;True
2026-05-19 02:03:33;ibm_kingston;0;True
2026-05-19 02:03:33;ibm_marrakesh;0;True
2026-05-19 03:03:37;ibm_fez;0;True
2026-05-19 03:03:37;ibm_kingston;0;True
2026-05-19 03:03:37;ibm_marrakesh;0;True
2026-05-19 04:03:41;ibm_fez;3;True
2026-05-19 04:03:41;ibm_kingston;1;True
2026-05-19 04:03:41;ibm_marrakesh;0;True
2026-05-19 05:03:45;ibm_fez;7;True
2026-05-19 05:03:45;ibm_kingston;0;True
2026-05-19 05:03:45;ibm_marrakesh;0;True
2026-05-19 06:03:50;ibm_fez;0;True
2026-05-19 06:03:50;ibm_kingston;0;True
2026-05-19 06:03:50;ibm_marrakesh;0;True
2026-05-19 07:03:54;ibm_fez;0;True
2026-05-19 07:03:54;ibm_kingston;0;True
2026-05-19 07:03:54;ibm_marrakesh;36;True
2026-05-19 08:03:58;ibm_fez;1;True
2026-05-19 08:03:58;ibm_kingston;6;True
2026-05-19 08:03:58;ibm_marrakesh;0;True
2026-05-19 09:04:02;ibm_fez;0;True
2026-05-19 09:04:02;ibm_kingston;0;True
2026-05-19 09:04:02;ibm_marrakesh;0;True
2026-05-19 10:04:07;ibm_fez;0;True
2026-05-19 10:04:07;ibm_kingston;18;True
2026-05-19 10:04:07;ibm_marrakesh;0;True
2026-05-19 11:04:11;ibm_fez;0;True
2026-05-19 11:04:11;ibm_kingston;0;True
2026-05-19 11:04:11;ibm_marrakesh;0;True
2026-05-19 12:04:16;ibm_fez;0;True
2026-05-19 12:04:16;ibm_kingston;0;True
2026-05-19 12:04:16;ibm_marrakesh;0;True
2026-05-19 13:04:20;ibm_fez;0;True
2026-05-19 13:04:20;ibm_kingston;0;True
2026-05-19 13:04:20;ibm_marrakesh;0;True
2026-05-19 14:04:25;ibm_fez;0;True
2026-05-19 14:04:25;ibm_kingston;0;True
2026-05-19 14:04:25;ibm_marrakesh;0;True
2026-05-19 15:04:29;ibm_fez;0;True
2026-05-19 15:04:29;ibm_kingston;0;True
2026-05-19 15:04:29;ibm_marrakesh;0;True
2026-05-19 16:04:34;ibm_fez;0;True
2026-05-19 16:04:34;ibm_kingston;0;True
2026-05-19 16:04:34;ibm_marrakesh;0;True
2026-05-19 17:04:38;ibm_fez;0;True
2026-05-19 17:04:38;ibm_kingston;0;True
2026-05-19 17:04:38;ibm_marrakesh;0;True
2026-05-19 18:04:43;ibm_fez;0;True
2026-05-19 18:04:43;ibm_kingston;0;True
2026-05-19 18:04:43;ibm_marrakesh;0;True
2026-05-19 19:04:47;ibm_fez;3;True
2026-05-19 19:04:47;ibm_kingston;0;True
2026-05-19 19:04:47;ibm_marrakesh;0;True
2026-05-19 20:04:52;ibm_fez;0;True
2026-05-19 20:04:52;ibm_kingston;0;True
2026-05-19 20:04:52;ibm_marrakesh;0;True
2026-05-19 21:04:56;ibm_fez;0;True
2026-05-19 21:04:56;ibm_kingston;0;True
2026-05-19 21:04:56;ibm_marrakesh;0;True
2026-05-19 22:05:02;ibm_fez;0;True
2026-05-19 22:05:02;ibm_kingston;0;True
2026-05-19 22:05:02;ibm_marrakesh;0;True
2026-05-19 23:05:06;ibm_fez;0;True
2026-05-19 23:05:06;ibm_kingston;0;True
2026-05-19 23:05:06;ibm_marrakesh;0;True
2026-05-20 00:05:11;ibm_fez;0;True
2026-05-20 00:05:11;ibm_kingston;0;True
2026-05-20 00:05:11;ibm_marrakesh;0;True
2026-05-20 01:05:14;ibm_fez;1;True
2026-05-20 01:05:14;ibm_kingston;0;True
2026-05-20 01:05:14;ibm_marrakesh;0;True
2026-05-20 02:05:19;ibm_fez;0;True
2026-05-20 02:05:19;ibm_kingston;40;True
2026-05-20 02:05:19;ibm_marrakesh;0;True
2026-05-20 03:05:23;ibm_fez;0;True
2026-05-20 03:05:23;ibm_kingston;39;True
2026-05-20 03:05:23;ibm_marrakesh;0;True
2026-05-20 04:05:28;ibm_fez;0;True
2026-05-20 04:05:28;ibm_kingston;38;True
2026-05-20 04:05:28;ibm_marrakesh;0;True
2026-05-20 05:05:32;ibm_fez;0;True
2026-05-20 05:05:32;ibm_kingston;42;True
2026-05-20 05:05:32;ibm_marrakesh;0;True
2026-05-20 06:05:37;ibm_fez;0;True
2026-05-20 06:05:37;ibm_kingston;26;True
2026-05-20 06:05:37;ibm_marrakesh;0;True
2026-05-20 07:05:40;ibm_fez;0;True
2026-05-20 07:05:40;ibm_kingston;0;True
2026-05-20 07:05:40;ibm_marrakesh;0;True
2026-05-20 08:05:45;ibm_fez;0;True
2026-05-20 08:05:45;ibm_kingston;0;True
2026-05-20 08:05:45;ibm_marrakesh;0;True
2026-05-20 09:05:49;ibm_fez;0;True
2026-05-20 09:05:49;ibm_kingston;0;True
2026-05-20 09:05:49;ibm_marrakesh;0;True
2026-05-20 10:05:54;ibm_fez;0;True
2026-05-20 10:05:54;ibm_kingston;0;True
2026-05-20 10:05:54;ibm_marrakesh;0;True
2026-05-20 11:05:57;ibm_fez;190;True
2026-05-20 11:05:57;ibm_kingston;2;True
2026-05-20 11:05:57;ibm_marrakesh;0;True
2026-05-20 12:06:02;ibm_fez;0;True
2026-05-20 12:06:02;ibm_kingston;0;True
2026-05-20 12:06:02;ibm_marrakesh;0;True
2026-05-20 13:06:07;ibm_fez;0;True
2026-05-20 13:06:07;ibm_kingston;0;True
2026-05-20 13:06:07;ibm_marrakesh;2;True
2026-05-20 14:06:11;ibm_fez;0;True
2026-05-20 14:06:11;ibm_kingston;0;True
2026-05-20 14:06:11;ibm_marrakesh;4;True
2026-05-20 15:06:15;ibm_fez;0;True
2026-05-20 15:06:15;ibm_kingston;0;True
2026-05-20 15:06:15;ibm_marrakesh;0;True
2026-05-20 16:06:19;ibm_fez;1;True
2026-05-20 16:06:19;ibm_kingston;0;True
2026-05-20 16:06:19;ibm_marrakesh;0;True
2026-05-20 17:06:23;ibm_fez;0;True
2026-05-20 17:06:23;ibm_kingston;0;True
2026-05-20 17:06:23;ibm_marrakesh;0;True
2026-05-20 18:06:28;ibm_fez;0;True
2026-05-20 18:06:28;ibm_kingston;0;True
2026-05-20 18:06:28;ibm_marrakesh;1;True
2026-05-20 19:06:31;ibm_fez;0;True
2026-05-20 19:06:31;ibm_kingston;0;True
2026-05-20 19:06:31;ibm_marrakesh;0;True
2026-05-20 20:06:37;ibm_fez;0;True
2026-05-20 20:06:37;ibm_kingston;0;True
2026-05-20 20:06:37;ibm_marrakesh;0;True
2026-05-20 21:06:41;ibm_fez;0;True
2026-05-20 21:06:41;ibm_kingston;15;True
2026-05-20 21:06:41;ibm_marrakesh;0;True
2026-05-20 22:06:45;ibm_fez;0;True
2026-05-20 22:06:45;ibm_kingston;2;True
2026-05-20 22:06:45;ibm_marrakesh;0;True
2026-05-20 23:06:49;ibm_fez;0;True
2026-05-20 23:06:49;ibm_kingston;1;True
2026-05-20 23:06:49;ibm_marrakesh;1;True
2026-05-21 00:06:54;ibm_fez;0;True
2026-05-21 00:06:54;ibm_kingston;0;True
2026-05-21 00:06:54;ibm_marrakesh;0;True
2026-05-21 01:06:58;ibm_fez;0;True
2026-05-21 01:06:58;ibm_kingston;0;True
2026-05-21 01:06:58;ibm_marrakesh;0;True
2026-05-21 02:07:03;ibm_fez;0;True
2026-05-21 02:07:03;ibm_kingston;0;True
2026-05-21 02:07:03;ibm_marrakesh;16;True
2026-05-21 03:07:07;ibm_fez;2;True
2026-05-21 03:07:07;ibm_kingston;0;True
2026-05-21 03:07:07;ibm_marrakesh;10;True
2026-05-21 04:07:12;ibm_fez;0;True
2026-05-21 04:07:12;ibm_kingston;0;True
2026-05-21 04:07:12;ibm_marrakesh;0;True
2026-05-21 05:07:16;ibm_fez;0;True
2026-05-21 05:07:16;ibm_kingston;0;True
2026-05-21 05:07:16;ibm_marrakesh;0;True
2026-05-21 06:07:21;ibm_fez;0;True
2026-05-21 06:07:21;ibm_kingston;0;True
2026-05-21 06:07:21;ibm_marrakesh;0;True
2026-05-21 07:07:24;ibm_fez;0;True
2026-05-21 07:07:24;ibm_kingston;0;True
2026-05-21 07:07:24;ibm_marrakesh;0;True
2026-05-21 08:07:29;ibm_fez;0;True
2026-05-21 08:07:29;ibm_kingston;0;True
2026-05-21 08:07:29;ibm_marrakesh;0;True
2026-05-21 09:07:32;ibm_fez;0;True
2026-05-21 09:07:32;ibm_kingston;0;True
2026-05-21 09:07:32;ibm_marrakesh;4;True
2026-05-21 10:07:39;ibm_fez;0;True
2026-05-21 10:07:39;ibm_kingston;3;True
2026-05-21 10:07:39;ibm_marrakesh;5;True
2026-05-21 11:12:12;ibm_fez;1;True
2026-05-21 11:12:12;ibm_kingston;1;True
2026-05-21 11:12:12;ibm_marrakesh;5;True
2026-05-21 12:12:19;ibm_fez;2;True
2026-05-21 12:12:19;ibm_kingston;1;True
2026-05-21 12:12:19;ibm_marrakesh;2;True
2026-05-21 13:12:24;ibm_fez;20;True
2026-05-21 13:12:24;ibm_kingston;2;True
2026-05-21 13:12:24;ibm_marrakesh;2;True
2026-05-21 14:12:31;ibm_fez;21;True
2026-05-21 14:12:31;ibm_kingston;1;True
2026-05-21 14:12:31;ibm_marrakesh;3;True
2026-05-21 15:12:36;ibm_fez;15;True
2026-05-21 15:12:36;ibm_kingston;8;True
2026-05-21 15:12:36;ibm_marrakesh;7;True
2026-05-21 16:12:41;ibm_fez;5;True
2026-05-21 16:12:41;ibm_kingston;6;True
2026-05-21 16:12:41;ibm_marrakesh;0;True
2026-05-21 17:12:48;ibm_fez;0;True
2026-05-21 17:12:48;ibm_kingston;0;True
2026-05-21 17:12:48;ibm_marrakesh;0;True
2026-05-21 18:12:53;ibm_fez;0;True
2026-05-21 18:12:53;ibm_kingston;1;True
2026-05-21 18:12:53;ibm_marrakesh;0;True
2026-05-21 19:13:01;ibm_fez;3;True
2026-05-21 19:13:01;ibm_kingston;2;True
2026-05-21 19:13:01;ibm_marrakesh;0;True
2026-05-21 20:13:06;ibm_fez;0;True
2026-05-21 20:13:06;ibm_kingston;1;True
2026-05-21 20:13:06;ibm_marrakesh;0;True
2026-05-21 21:13:12;ibm_fez;0;True
2026-05-21 21:13:12;ibm_kingston;1;True
2026-05-21 21:13:12;ibm_marrakesh;0;True
2026-05-21 22:13:18;ibm_fez;1;True
2026-05-21 22:13:18;ibm_kingston;4;True
2026-05-21 22:13:18;ibm_marrakesh;2;True
2026-05-21 23:13:24;ibm_fez;0;True
2026-05-21 23:13:24;ibm_kingston;2;True
2026-05-21 23:13:24;ibm_marrakesh;1;True
2026-05-22 00:13:30;ibm_fez;0;True
2026-05-22 00:13:30;ibm_kingston;1;True
2026-05-22 00:13:30;ibm_marrakesh;1;True
2026-05-22 01:13:36;ibm_fez;0;True
2026-05-22 01:13:36;ibm_kingston;0;True
2026-05-22 01:13:36;ibm_marrakesh;2;True
2026-05-22 02:13:41;ibm_fez;2;True
2026-05-22 02:13:41;ibm_kingston;0;True
2026-05-22 02:13:41;ibm_marrakesh;0;True
2026-05-22 03:13:47;ibm_fez;0;True
2026-05-22 03:13:47;ibm_kingston;1;True
2026-05-22 03:13:47;ibm_marrakesh;0;True
2026-05-22 04:13:53;ibm_fez;0;True
2026-05-22 04:13:53;ibm_kingston;0;True
2026-05-22 04:13:53;ibm_marrakesh;0;True
2026-05-22 05:13:59;ibm_fez;2;True
2026-05-22 05:13:59;ibm_kingston;0;True
2026-05-22 05:13:59;ibm_marrakesh;0;True
2026-05-22 06:14:05;ibm_fez;13;True
2026-05-22 06:14:05;ibm_kingston;1;True
2026-05-22 06:14:05;ibm_marrakesh;0;True
2026-05-22 07:14:11;ibm_fez;17;True
2026-05-22 07:14:11;ibm_kingston;0;True
2026-05-22 07:14:11;ibm_marrakesh;0;True
2026-05-22 08:14:16;ibm_fez;17;True
2026-05-22 08:14:16;ibm_kingston;0;True
2026-05-22 08:14:16;ibm_marrakesh;2;True
2026-05-22 09:14:22;ibm_fez;0;True
2026-05-22 09:14:22;ibm_kingston;1;True
2026-05-22 09:14:22;ibm_marrakesh;2;True
2026-05-22 10:14:27;ibm_fez;0;True
2026-05-22 10:14:27;ibm_kingston;1;True
2026-05-22 10:14:27;ibm_marrakesh;2;True
2026-05-22 11:14:34;ibm_fez;4;True
2026-05-22 11:14:34;ibm_kingston;1;True
2026-05-22 11:14:34;ibm_marrakesh;1;True
2026-05-22 12:14:39;ibm_fez;1;True
2026-05-22 12:14:39;ibm_kingston;0;True
2026-05-22 12:14:39;ibm_marrakesh;2;True
2026-05-22 13:14:45;ibm_fez;3;True
2026-05-22 13:14:45;ibm_kingston;0;True
2026-05-22 13:14:45;ibm_marrakesh;6;True
2026-05-22 14:14:50;ibm_fez;4;True
2026-05-22 14:14:50;ibm_kingston;0;True
2026-05-22 14:14:50;ibm_marrakesh;0;True
2026-05-22 15:14:57;ibm_fez;3;True
2026-05-22 15:14:57;ibm_kingston;2;True
2026-05-22 15:14:57;ibm_marrakesh;1;True
2026-05-22 16:15:02;ibm_fez;4;True
2026-05-22 16:15:02;ibm_kingston;1;True
2026-05-22 16:15:02;ibm_marrakesh;0;True
2026-05-22 17:15:09;ibm_fez;3;True
2026-05-22 17:15:09;ibm_kingston;0;True
2026-05-22 17:15:09;ibm_marrakesh;1;True
2026-05-22 18:15:16;ibm_fez;3;True
2026-05-22 18:15:16;ibm_kingston;1;True
2026-05-22 18:15:16;ibm_marrakesh;0;True
2026-05-22 19:15:23;ibm_fez;7;True
2026-05-22 19:15:23;ibm_kingston;1;True
2026-05-22 19:15:23;ibm_marrakesh;0;True
2026-05-22 20:15:29;ibm_fez;10;True
2026-05-22 20:15:29;ibm_kingston;0;True
2026-05-22 20:15:29;ibm_marrakesh;0;True
2026-05-22 21:15:36;ibm_fez;17;True
2026-05-22 21:15:36;ibm_kingston;0;True
2026-05-22 21:15:36;ibm_marrakesh;0;True
2026-05-22 22:15:41;ibm_fez;22;True
2026-05-22 22:15:41;ibm_kingston;0;True
2026-05-22 22:15:41;ibm_marrakesh;0;True
2026-05-22 23:15:47;ibm_fez;3;True
2026-05-22 23:15:47;ibm_kingston;0;True
2026-05-22 23:15:47;ibm_marrakesh;0;True
2026-05-23 00:15:53;ibm_fez;0;True
2026-05-23 00:15:53;ibm_kingston;1;True
2026-05-23 00:15:53;ibm_marrakesh;0;True
2026-05-23 01:15:59;ibm_fez;3;True
2026-05-23 01:15:59;ibm_kingston;0;True
2026-05-23 01:15:59;ibm_marrakesh;0;True
2026-05-23 02:16:04;ibm_fez;0;True
2026-05-23 02:16:04;ibm_kingston;0;True
2026-05-23 02:16:04;ibm_marrakesh;0;True
2026-05-23 03:16:10;ibm_fez;0;True
2026-05-23 03:16:10;ibm_kingston;1;True
2026-05-23 03:16:10;ibm_marrakesh;1;True
2026-05-23 04:16:16;ibm_fez;1;True
2026-05-23 04:16:16;ibm_kingston;0;True
2026-05-23 04:16:16;ibm_marrakesh;0;True
2026-05-23 05:16:22;ibm_fez;0;True
2026-05-23 05:16:22;ibm_kingston;0;True
2026-05-23 05:16:22;ibm_marrakesh;0;True
2026-05-23 06:16:28;ibm_fez;0;True
2026-05-23 06:16:28;ibm_kingston;3;True
2026-05-23 06:16:28;ibm_marrakesh;1;True
2026-05-23 07:16:34;ibm_fez;0;True
2026-05-23 07:16:34;ibm_kingston;0;True
2026-05-23 07:16:34;ibm_marrakesh;2;True
2026-05-23 08:16:40;ibm_fez;1;True
2026-05-23 08:16:40;ibm_kingston;0;True
2026-05-23 08:16:40;ibm_marrakesh;2;True
2026-05-23 09:16:46;ibm_fez;1;True
2026-05-23 09:16:46;ibm_kingston;0;True
2026-05-23 09:16:46;ibm_marrakesh;3;True
2026-05-23 10:16:52;ibm_fez;1;True
2026-05-23 10:16:52;ibm_kingston;0;True
2026-05-23 10:16:52;ibm_marrakesh;0;True
2026-05-23 11:16:58;ibm_fez;0;True
2026-05-23 11:16:58;ibm_kingston;1;True
2026-05-23 11:16:58;ibm_marrakesh;0;True
2026-05-23 12:17:04;ibm_fez;0;True
2026-05-23 12:17:04;ibm_kingston;2;True
2026-05-23 12:17:04;ibm_marrakesh;1;True
2026-05-23 13:17:10;ibm_fez;0;True
2026-05-23 13:17:10;ibm_kingston;0;True
2026-05-23 13:17:10;ibm_marrakesh;0;True
2026-05-23 14:17:16;ibm_fez;0;True
2026-05-23 14:17:16;ibm_kingston;1;True
2026-05-23 14:17:16;ibm_marrakesh;0;True
2026-05-23 15:17:24;ibm_fez;0;True
2026-05-23 15:17:24;ibm_kingston;0;True
2026-05-23 15:17:24;ibm_marrakesh;0;True
2026-05-23 16:17:29;ibm_fez;0;True
2026-05-23 16:17:29;ibm_kingston;0;True
2026-05-23 16:17:29;ibm_marrakesh;0;True
2026-05-23 17:17:36;ibm_fez;0;True
2026-05-23 17:17:36;ibm_kingston;1;True
2026-05-23 17:17:36;ibm_marrakesh;0;True
2026-05-23 18:17:41;ibm_fez;1;True
2026-05-23 18:17:41;ibm_kingston;1;True
2026-05-23 18:17:41;ibm_marrakesh;0;True
2026-05-23 19:17:47;ibm_fez;0;True
2026-05-23 19:17:47;ibm_kingston;1;True
2026-05-23 19:17:47;ibm_marrakesh;0;True
2026-05-23 20:17:52;ibm_fez;0;True
2026-05-23 20:17:52;ibm_kingston;16;True
2026-05-23 20:17:52;ibm_marrakesh;0;True
2026-05-23 21:17:58;ibm_fez;0;True
2026-05-23 21:17:58;ibm_kingston;0;True
2026-05-23 21:17:58;ibm_marrakesh;0;True
2026-05-23 22:18:05;ibm_fez;0;True
2026-05-23 22:18:05;ibm_kingston;9;True
2026-05-23 22:18:05;ibm_marrakesh;2;True
2026-05-23 23:18:11;ibm_fez;0;True
2026-05-23 23:18:11;ibm_kingston;4;True
2026-05-23 23:18:11;ibm_marrakesh;0;True
2026-05-24 00:18:17;ibm_fez;0;True
2026-05-24 00:18:17;ibm_kingston;0;True
2026-05-24 00:18:17;ibm_marrakesh;0;True
2026-05-24 01:18:24;ibm_fez;0;True
2026-05-24 01:18:24;ibm_kingston;0;True
2026-05-24 01:18:24;ibm_marrakesh;0;True
2026-05-24 02:18:30;ibm_fez;0;True
2026-05-24 02:18:30;ibm_kingston;0;True
2026-05-24 02:18:30;ibm_marrakesh;0;True
2026-05-24 03:18:36;ibm_fez;0;True
2026-05-24 03:18:36;ibm_kingston;14;True
2026-05-24 03:18:36;ibm_marrakesh;0;True
2026-05-24 04:18:42;ibm_fez;0;True
2026-05-24 04:18:42;ibm_kingston;14;True
2026-05-24 04:18:42;ibm_marrakesh;1;True
2026-05-24 05:18:49;ibm_fez;0;True
2026-05-24 05:18:49;ibm_kingston;1;True
2026-05-24 05:18:49;ibm_marrakesh;0;True
2026-05-24 06:18:54;ibm_fez;0;True
2026-05-24 06:18:54;ibm_kingston;12;True
2026-05-24 06:18:54;ibm_marrakesh;0;True
2026-05-24 07:19:01;ibm_fez;0;True
2026-05-24 07:19:01;ibm_kingston;11;True
2026-05-24 07:19:01;ibm_marrakesh;0;True
2026-05-24 08:19:06;ibm_fez;1;True
2026-05-24 08:19:06;ibm_kingston;18;True
2026-05-24 08:19:06;ibm_marrakesh;1;True
2026-05-24 09:19:13;ibm_fez;0;True
2026-05-24 09:19:13;ibm_kingston;13;True
2026-05-24 09:19:13;ibm_marrakesh;0;True
2026-05-24 10:19:19;ibm_fez;0;True
2026-05-24 10:19:19;ibm_kingston;1;True
2026-05-24 10:19:19;ibm_marrakesh;0;True
2026-05-24 11:19:25;ibm_fez;1;True
2026-05-24 11:19:25;ibm_kingston;4;True
2026-05-24 11:19:25;ibm_marrakesh;0;True
2026-05-24 12:19:31;ibm_fez;5;True
2026-05-24 12:19:31;ibm_kingston;1;True
2026-05-24 12:19:31;ibm_marrakesh;1;True
2026-05-24 13:19:38;ibm_fez;10;True
2026-05-24 13:19:38;ibm_kingston;5;True
2026-05-24 13:19:38;ibm_marrakesh;0;True
2026-05-24 14:19:43;ibm_fez;41;True
2026-05-24 14:19:43;ibm_kingston;77;True
2026-05-24 14:19:43;ibm_marrakesh;2;True
2026-05-24 15:19:49;ibm_fez;0;True
2026-05-24 15:19:49;ibm_kingston;0;True
2026-05-24 15:19:49;ibm_marrakesh;0;True
2026-05-24 16:19:55;ibm_fez;1;True
2026-05-24 16:19:55;ibm_kingston;1;True
2026-05-24 16:19:55;ibm_marrakesh;1;True
2026-05-24 17:20:01;ibm_fez;0;True
2026-05-24 17:20:01;ibm_kingston;33;True
2026-05-24 17:20:01;ibm_marrakesh;0;True
2026-05-24 18:20:07;ibm_fez;1;True
2026-05-24 18:20:07;ibm_kingston;1;True
2026-05-24 18:20:07;ibm_marrakesh;0;True
2026-05-24 19:20:14;ibm_fez;0;True
2026-05-24 19:20:14;ibm_kingston;0;True
2026-05-24 19:20:14;ibm_marrakesh;0;True
2026-05-24 20:20:20;ibm_fez;0;True
2026-05-24 20:20:20;ibm_kingston;1;True
2026-05-24 20:20:20;ibm_marrakesh;0;True
2026-05-24 21:20:27;ibm_fez;0;True
2026-05-24 21:20:27;ibm_kingston;0;True
2026-05-24 21:20:27;ibm_marrakesh;1;True
2026-05-24 22:20:33;ibm_fez;0;True
2026-05-24 22:20:33;ibm_kingston;0;True
2026-05-24 22:20:33;ibm_marrakesh;0;True
2026-05-24 23:20:40;ibm_fez;0;True
2026-05-24 23:20:40;ibm_kingston;2;True
2026-05-24 23:20:40;ibm_marrakesh;1;True
2026-05-25 00:20:46;ibm_fez;0;True
2026-05-25 00:20:46;ibm_kingston;2;True
2026-05-25 00:20:46;ibm_marrakesh;0;True
2026-05-25 01:20:52;ibm_fez;0;True
2026-05-25 01:20:52;ibm_kingston;1;True
2026-05-25 01:20:52;ibm_marrakesh;2;True
2026-05-25 02:20:58;ibm_fez;1;True
2026-05-25 02:20:58;ibm_kingston;1;True
2026-05-25 02:20:58;ibm_marrakesh;0;True
2026-05-25 03:21:04;ibm_fez;1;True
2026-05-25 03:21:04;ibm_kingston;1;True
2026-05-25 03:21:04;ibm_marrakesh;0;True
2026-05-25 04:21:10;ibm_fez;4;True
2026-05-25 04:21:10;ibm_kingston;8;True
2026-05-25 04:21:10;ibm_marrakesh;2;True
2026-05-25 05:21:17;ibm_fez;1744;True
2026-05-25 05:21:17;ibm_kingston;979;True
2026-05-25 05:21:17;ibm_marrakesh;1732;True
2026-05-25 06:21:26;ibm_fez;1678;True
2026-05-25 06:21:26;ibm_kingston;876;True
2026-05-25 06:21:26;ibm_marrakesh;1620;True
2026-05-25 07:21:33;ibm_fez;1571;True
2026-05-25 07:21:33;ibm_kingston;832;True
2026-05-25 07:21:33;ibm_marrakesh;1508;True
2026-05-25 08:21:39;ibm_fez;1556;True
2026-05-25 08:21:39;ibm_kingston;718;True
2026-05-25 08:21:39;ibm_marrakesh;1422;True
2026-05-25 09:21:45;ibm_fez;1468;True
2026-05-25 09:21:45;ibm_kingston;613;True
2026-05-25 09:21:45;ibm_marrakesh;1314;True
2026-05-25 10:21:51;ibm_fez;0;True
2026-05-25 10:21:51;ibm_kingston;3;True
2026-05-25 10:21:51;ibm_marrakesh;0;True
2026-05-25 11:21:57;ibm_fez;1;True
2026-05-25 11:21:57;ibm_kingston;1;True
2026-05-25 11:21:57;ibm_marrakesh;0;True
2026-05-25 12:22:03;ibm_fez;6;True
2026-05-25 12:22:03;ibm_kingston;0;True
2026-05-25 12:22:03;ibm_marrakesh;0;True
2026-05-25 13:22:10;ibm_fez;0;True
2026-05-25 13:22:10;ibm_kingston;0;True
2026-05-25 13:22:10;ibm_marrakesh;0;True
2026-05-25 14:22:15;ibm_fez;1;True
2026-05-25 14:22:15;ibm_kingston;1;True
2026-05-25 14:22:15;ibm_marrakesh;0;True
2026-05-25 15:22:21;ibm_fez;0;True
2026-05-25 15:22:21;ibm_kingston;0;True
2026-05-25 15:22:21;ibm_marrakesh;0;True
2026-05-25 16:22:27;ibm_fez;0;True
2026-05-25 16:22:27;ibm_kingston;1;True
2026-05-25 16:22:27;ibm_marrakesh;0;True
2026-05-25 17:22:34;ibm_fez;0;True
2026-05-25 17:22:34;ibm_kingston;1;True
2026-05-25 17:22:34;ibm_marrakesh;2;True
2026-05-25 18:22:40;ibm_fez;31;True
2026-05-25 18:22:40;ibm_kingston;2;True
2026-05-25 18:22:40;ibm_marrakesh;0;True
2026-05-25 19:22:46;ibm_fez;2;True
2026-05-25 19:22:46;ibm_kingston;0;True
2026-05-25 19:22:46;ibm_marrakesh;0;True
2026-05-25 20:22:52;ibm_fez;0;True
2026-05-25 20:22:52;ibm_kingston;0;True
2026-05-25 20:22:52;ibm_marrakesh;0;True
2026-05-25 21:22:59;ibm_fez;3;True
2026-05-25 21:22:59;ibm_kingston;0;True
2026-05-25 21:22:59;ibm_marrakesh;0;True
2026-05-25 22:23:05;ibm_fez;8;True
2026-05-25 22:23:05;ibm_kingston;1;True
2026-05-25 22:23:05;ibm_marrakesh;0;True
2026-05-25 23:23:12;ibm_fez;0;True
2026-05-25 23:23:12;ibm_kingston;1;True
2026-05-25 23:23:12;ibm_marrakesh;0;True
2026-05-26 00:23:18;ibm_fez;0;True
2026-05-26 00:23:18;ibm_kingston;2;True
2026-05-26 00:23:18;ibm_marrakesh;1;True
2026-05-26 01:23:25;ibm_fez;0;True
2026-05-26 01:23:25;ibm_kingston;0;True
2026-05-26 01:23:25;ibm_marrakesh;2;True
2026-05-26 02:23:30;ibm_fez;0;True
2026-05-26 02:23:30;ibm_kingston;3;True
2026-05-26 02:23:30;ibm_marrakesh;3;True
2026-05-26 03:23:36;ibm_fez;1;True
2026-05-26 03:23:36;ibm_kingston;0;True
2026-05-26 03:23:36;ibm_marrakesh;0;True
2026-05-26 04:23:42;ibm_fez;7;True
2026-05-26 04:23:42;ibm_kingston;3;True
2026-05-26 04:23:42;ibm_marrakesh;0;True
2026-05-26 05:23:50;ibm_fez;16;True
2026-05-26 05:23:50;ibm_kingston;0;True
2026-05-26 05:23:50;ibm_marrakesh;0;True
2026-05-26 06:23:56;ibm_fez;24;True
2026-05-26 06:23:56;ibm_kingston;0;True
2026-05-26 06:23:56;ibm_marrakesh;1;True
2026-05-26 07:24:02;ibm_fez;25;True
2026-05-26 07:24:02;ibm_kingston;1;True
2026-05-26 07:24:02;ibm_marrakesh;0;True
2026-05-26 08:24:09;ibm_fez;13;True
2026-05-26 08:24:09;ibm_kingston;4;True
2026-05-26 08:24:09;ibm_marrakesh;0;True
2026-05-26 09:24:16;ibm_fez;0;True
2026-05-26 09:24:16;ibm_kingston;0;True
2026-05-26 09:24:16;ibm_marrakesh;0;True
2026-05-26 10:24:22;ibm_fez;2;True
2026-05-26 10:24:22;ibm_kingston;3;True
2026-05-26 10:24:22;ibm_marrakesh;3;True
2026-05-26 11:24:29;ibm_fez;2;True
2026-05-26 11:24:29;ibm_kingston;2;True
2026-05-26 11:24:29;ibm_marrakesh;0;True
2026-05-26 12:24:34;ibm_fez;0;True
2026-05-26 12:24:34;ibm_kingston;1;True
2026-05-26 12:24:34;ibm_marrakesh;1;True
2026-05-26 13:24:40;ibm_fez;44;True
2026-05-26 13:24:40;ibm_kingston;3;True
2026-05-26 13:24:40;ibm_marrakesh;0;True
2026-05-26 14:24:47;ibm_fez;8;True
2026-05-26 14:24:47;ibm_kingston;3;True
2026-05-26 14:24:47;ibm_marrakesh;1;True
2026-05-26 15:24:55;ibm_fez;0;True
2026-05-26 15:24:55;ibm_kingston;14;True
2026-05-26 15:24:55;ibm_marrakesh;0;True
2026-05-26 16:25:01;ibm_fez;11;True
2026-05-26 16:25:01;ibm_kingston;2;True
2026-05-26 16:25:01;ibm_marrakesh;254;True
2026-05-26 17:25:09;ibm_fez;5;True
2026-05-26 17:25:09;ibm_kingston;9;True
2026-05-26 17:25:09;ibm_marrakesh;147;True
2026-05-26 18:25:15;ibm_fez;0;True
2026-05-26 18:25:15;ibm_kingston;13;True
2026-05-26 18:25:15;ibm_marrakesh;34;True
2026-05-26 19:25:22;ibm_fez;0;True
2026-05-26 19:25:22;ibm_kingston;15;True
2026-05-26 19:25:22;ibm_marrakesh;0;True
2026-05-26 20:25:29;ibm_fez;3;True
2026-05-26 20:25:29;ibm_kingston;7;True
2026-05-26 20:25:29;ibm_marrakesh;4;True
2026-05-26 21:25:36;ibm_fez;0;True
2026-05-26 21:25:36;ibm_kingston;12;True
2026-05-26 21:25:36;ibm_marrakesh;1;True
2026-05-26 22:25:43;ibm_fez;0;True
2026-05-26 22:25:43;ibm_kingston;26;True
2026-05-26 22:25:43;ibm_marrakesh;0;True
2026-05-26 23:25:50;ibm_fez;1;True
2026-05-26 23:25:50;ibm_kingston;24;True
2026-05-26 23:25:50;ibm_marrakesh;0;True
2026-05-27 00:25:58;ibm_fez;1;True
2026-05-27 00:25:58;ibm_kingston;12;True
2026-05-27 00:25:58;ibm_marrakesh;0;True
2026-05-27 01:26:05;ibm_fez;1;True
2026-05-27 01:26:05;ibm_kingston;8;True
2026-05-27 01:26:05;ibm_marrakesh;0;True
2026-05-27 02:26:11;ibm_fez;2;True
2026-05-27 02:26:11;ibm_kingston;10;True
2026-05-27 02:26:11;ibm_marrakesh;0;True
2026-05-27 03:26:19;ibm_fez;2;True
2026-05-27 03:26:19;ibm_kingston;11;True
2026-05-27 03:26:19;ibm_marrakesh;10;True
2026-05-27 04:26:24;ibm_fez;0;True
2026-05-27 04:26:24;ibm_kingston;1;True
2026-05-27 04:26:24;ibm_marrakesh;0;True
2026-05-27 05:26:31;ibm_fez;0;True
2026-05-27 05:26:31;ibm_kingston;2;True
2026-05-27 05:26:31;ibm_marrakesh;1;True
2026-05-27 06:26:37;ibm_fez;1;True
2026-05-27 06:26:37;ibm_kingston;1;True
2026-05-27 06:26:37;ibm_marrakesh;0;True
2026-05-27 07:26:45;ibm_fez;0;True
2026-05-27 07:26:45;ibm_kingston;1;True
2026-05-27 07:26:45;ibm_marrakesh;0;True
2026-05-27 08:26:52;ibm_fez;0;True
2026-05-27 08:26:52;ibm_kingston;2;True
2026-05-27 08:26:52;ibm_marrakesh;1;True
2026-05-27 09:26:59;ibm_fez;0;True
2026-05-27 09:26:59;ibm_kingston;5;True
2026-05-27 09:26:59;ibm_marrakesh;5;True
2026-05-27 10:27:05;ibm_fez;0;True
2026-05-27 10:27:05;ibm_kingston;1;True
2026-05-27 10:27:05;ibm_marrakesh;0;True
2026-05-27 11:27:13;ibm_fez;1;True
2026-05-27 11:27:13;ibm_kingston;8;True
2026-05-27 11:27:13;ibm_marrakesh;1;True
2026-05-27 12:27:21;ibm_fez;0;True
2026-05-27 12:27:21;ibm_kingston;2;True
2026-05-27 12:27:21;ibm_marrakesh;1;True
2026-05-27 13:27:27;ibm_fez;13;True
2026-05-27 13:27:27;ibm_kingston;11;True
2026-05-27 13:27:27;ibm_marrakesh;3;True
2026-05-27 15:28:24;ibm_fez;25;True
2026-05-27 15:28:24;ibm_kingston;21;True
2026-05-27 15:28:24;ibm_marrakesh;13;True
2026-05-27 16:28:30;ibm_fez;27;True
2026-05-27 16:28:30;ibm_kingston;28;True
2026-05-27 16:28:30;ibm_marrakesh;41;True
2026-05-27 17:28:36;ibm_fez;1;True
2026-05-27 17:28:36;ibm_kingston;0;True
2026-05-27 17:28:36;ibm_marrakesh;0;True
2026-05-27 18:28:42;ibm_fez;0;True
2026-05-27 18:28:42;ibm_kingston;7;True
2026-05-27 18:28:42;ibm_marrakesh;0;True
2026-05-27 19:28:49;ibm_fez;0;True
2026-05-27 19:28:49;ibm_kingston;31;True
2026-05-27 19:28:49;ibm_marrakesh;1;True
2026-05-27 20:28:56;ibm_fez;0;True
2026-05-27 20:28:56;ibm_kingston;57;True
2026-05-27 20:28:56;ibm_marrakesh;0;True
2026-05-27 21:29:03;ibm_fez;2;True
2026-05-27 21:29:03;ibm_kingston;4;True
2026-05-27 21:29:03;ibm_marrakesh;3;True
2026-05-27 22:29:10;ibm_fez;0;True
2026-05-27 22:29:10;ibm_kingston;1;True
2026-05-27 22:29:10;ibm_marrakesh;1;True
2026-05-28 03:29:54;ibm_marrakesh;12;True
2026-05-28 10:16:02;ibm_fez;36;True
2026-05-28 10:16:02;ibm_kingston;45;True
2026-05-28 10:16:02;ibm_marrakesh;39;True
2026-05-28 11:16:08;ibm_fez;57;True
2026-05-28 11:16:08;ibm_kingston;52;True
2026-05-28 11:16:08;ibm_marrakesh;44;True
2026-05-28 12:16:15;ibm_fez;6;True
2026-05-28 12:16:15;ibm_kingston;0;True
2026-05-28 12:16:15;ibm_marrakesh;0;True
2026-05-28 13:16:20;ibm_fez;3;True
2026-05-28 13:16:20;ibm_kingston;11;True
2026-05-28 13:16:20;ibm_marrakesh;11;True
2026-05-28 14:16:27;ibm_fez;2;True
2026-05-28 14:16:27;ibm_kingston;1;True
2026-05-28 14:16:27;ibm_marrakesh;2;True
2026-05-28 15:16:32;ibm_fez;6;True
2026-05-28 15:16:32;ibm_kingston;1;True
2026-05-28 15:16:32;ibm_marrakesh;2;True
2026-05-28 16:16:39;ibm_fez;0;True
2026-05-28 16:16:39;ibm_kingston;0;True
2026-05-28 16:16:39;ibm_marrakesh;0;True
2026-05-28 17:16:45;ibm_fez;4;True
2026-05-28 17:16:45;ibm_kingston;4;True
2026-05-28 17:16:45;ibm_marrakesh;5;True
2026-05-28 18:16:51;ibm_fez;0;True
2026-05-28 18:16:51;ibm_kingston;5;True
2026-05-28 18:16:51;ibm_marrakesh;1;True
2026-05-28 19:16:57;ibm_fez;0;True
2026-05-28 19:16:57;ibm_kingston;5;True
2026-05-28 19:16:57;ibm_marrakesh;0;True
2026-05-28 20:17:03;ibm_fez;0;True
2026-05-28 20:17:03;ibm_kingston;5;True
2026-05-28 20:17:03;ibm_marrakesh;2;True
2026-05-28 21:17:09;ibm_fez;3;True
2026-05-28 21:17:09;ibm_kingston;1;True
2026-05-28 21:17:09;ibm_marrakesh;1;True
2026-05-28 22:17:16;ibm_fez;0;True
2026-05-28 22:17:16;ibm_kingston;1;True
2026-05-28 22:17:16;ibm_marrakesh;0;True
2026-05-28 23:17:21;ibm_fez;1;True
2026-05-28 23:17:21;ibm_kingston;4;True
2026-05-28 23:17:21;ibm_marrakesh;0;True
2026-05-29 00:17:29;ibm_fez;1;True
2026-05-29 00:17:29;ibm_kingston;0;True
2026-05-29 00:17:29;ibm_marrakesh;0;True
2026-05-29 01:17:34;ibm_fez;3;True
2026-05-29 01:17:34;ibm_kingston;3;True
2026-05-29 01:17:34;ibm_marrakesh;1;True
2026-05-29 02:17:43;ibm_fez;0;True
2026-05-29 02:17:43;ibm_kingston;2;True
2026-05-29 02:17:43;ibm_marrakesh;0;True
2026-05-29 03:17:50;ibm_fez;0;True
2026-05-29 03:17:50;ibm_kingston;1;True
2026-05-29 03:17:50;ibm_marrakesh;0;True
2026-05-29 04:17:56;ibm_fez;0;True
2026-05-29 04:17:56;ibm_kingston;0;True
2026-05-29 04:17:56;ibm_marrakesh;0;True
2026-05-29 05:18:02;ibm_fez;11;True
2026-05-29 05:18:02;ibm_kingston;1;True
2026-05-29 05:18:02;ibm_marrakesh;0;True
2026-05-29 06:18:10;ibm_fez;20;True
2026-05-29 06:18:10;ibm_kingston;2;True
2026-05-29 06:18:10;ibm_marrakesh;0;True
2026-05-29 07:18:25;ibm_fez;28;True
2026-05-29 07:18:25;ibm_kingston;0;True
2026-05-29 07:18:25;ibm_marrakesh;0;True
2026-05-29 08:18:31;ibm_fez;51;True
2026-05-29 08:18:31;ibm_kingston;0;True
2026-05-29 08:18:31;ibm_marrakesh;0;True
2026-05-29 09:18:38;ibm_fez;107;True
2026-05-29 09:18:38;ibm_kingston;3;True
2026-05-29 09:18:38;ibm_marrakesh;0;True
2026-05-29 10:18:45;ibm_fez;0;True
2026-05-29 10:18:45;ibm_kingston;0;True
2026-05-29 10:18:45;ibm_marrakesh;0;True
2026-05-29 11:18:52;ibm_fez;1;True
2026-05-29 11:18:52;ibm_kingston;3;True
2026-05-29 11:18:52;ibm_marrakesh;8;True
2026-05-29 12:18:59;ibm_fez;5;True
2026-05-29 12:18:59;ibm_kingston;3;True
2026-05-29 12:18:59;ibm_marrakesh;6;True
2026-05-29 13:19:06;ibm_fez;0;True
2026-05-29 13:19:06;ibm_kingston;0;True
2026-05-29 13:19:06;ibm_marrakesh;5;True
2026-05-29 18:16:57;ibm_fez;0;True
2026-05-29 18:16:57;ibm_kingston;0;True
2026-05-29 18:16:57;ibm_marrakesh;0;True
2026-05-29 19:17:00;ibm_fez;0;True
2026-05-29 19:17:00;ibm_kingston;0;True
2026-05-29 19:17:00;ibm_marrakesh;0;True
2026-05-29 20:17:03;ibm_fez;0;True
2026-05-29 20:17:03;ibm_kingston;0;True
2026-05-29 20:17:03;ibm_marrakesh;0;True
2026-05-29 21:17:05;ibm_fez;0;True
2026-05-29 21:17:05;ibm_kingston;0;True
2026-05-29 21:17:05;ibm_marrakesh;0;True
2026-05-29 22:17:08;ibm_fez;0;True
2026-05-29 22:17:08;ibm_kingston;0;True
2026-05-29 22:17:08;ibm_marrakesh;0;True
2026-05-29 23:17:13;ibm_fez;0;True
2026-05-29 23:17:13;ibm_kingston;0;True
2026-05-29 23:17:13;ibm_marrakesh;0;True
2026-05-30 00:17:16;ibm_fez;0;True
2026-05-30 00:17:16;ibm_kingston;0;True
2026-05-30 00:17:16;ibm_marrakesh;0;True
2026-05-30 01:17:19;ibm_fez;0;True
2026-05-30 01:17:19;ibm_kingston;0;True
2026-05-30 01:17:19;ibm_marrakesh;0;True
2026-05-30 02:17:22;ibm_fez;0;True
2026-05-30 02:17:22;ibm_kingston;0;True
2026-05-30 02:17:22;ibm_marrakesh;0;True
2026-05-30 03:17:24;ibm_fez;0;True
2026-05-30 03:17:24;ibm_kingston;0;True
2026-05-30 03:17:24;ibm_marrakesh;0;True
2026-05-30 04:17:27;ibm_fez;0;True
2026-05-30 04:17:27;ibm_kingston;0;True
2026-05-30 04:17:27;ibm_marrakesh;0;True
2026-05-30 05:17:30;ibm_fez;0;True
2026-05-30 05:17:30;ibm_kingston;0;True
2026-05-30 05:17:30;ibm_marrakesh;0;True
2026-05-30 06:17:32;ibm_fez;0;True
2026-05-30 06:17:32;ibm_kingston;0;True
2026-05-30 06:17:32;ibm_marrakesh;0;True
2026-05-30 07:17:36;ibm_fez;0;True
2026-05-30 07:17:36;ibm_kingston;0;True
2026-05-30 07:17:36;ibm_marrakesh;0;True
2026-05-30 08:17:38;ibm_fez;0;True
2026-05-30 08:17:38;ibm_kingston;0;True
2026-05-30 08:17:38;ibm_marrakesh;0;True
2026-05-30 09:17:42;ibm_fez;0;True
2026-05-30 09:17:42;ibm_kingston;0;True
2026-05-30 09:17:42;ibm_marrakesh;0;True
2026-05-30 10:17:44;ibm_fez;0;True
2026-05-30 10:17:44;ibm_kingston;0;True
2026-05-30 10:17:44;ibm_marrakesh;0;True
2026-05-30 11:17:47;ibm_fez;0;True
2026-05-30 11:17:47;ibm_kingston;0;True
2026-05-30 11:17:47;ibm_marrakesh;0;True
2026-05-30 12:17:50;ibm_fez;0;True
2026-05-30 12:17:50;ibm_kingston;0;True
2026-05-30 12:17:50;ibm_marrakesh;0;True
2026-05-30 13:17:53;ibm_fez;0;True
2026-05-30 13:17:53;ibm_kingston;0;True
2026-05-30 13:17:53;ibm_marrakesh;0;True
2026-05-30 14:17:55;ibm_fez;0;True
2026-05-30 14:17:55;ibm_kingston;0;True
2026-05-30 14:17:55;ibm_marrakesh;0;True
2026-05-30 15:17:58;ibm_fez;0;True
2026-05-30 15:17:58;ibm_kingston;0;True
2026-05-30 15:17:58;ibm_marrakesh;0;True
2026-05-30 16:18:00;ibm_fez;0;True
2026-05-30 16:18:00;ibm_kingston;0;True
2026-05-30 16:18:00;ibm_marrakesh;0;True
2026-05-30 17:18:04;ibm_fez;0;True
2026-05-30 17:18:04;ibm_kingston;0;True
2026-05-30 17:18:04;ibm_marrakesh;0;True
2026-05-30 18:18:06;ibm_fez;0;True
2026-05-30 18:18:06;ibm_kingston;0;True
2026-05-30 18:18:06;ibm_marrakesh;0;True
2026-05-30 19:18:09;ibm_fez;0;True
2026-05-30 19:18:09;ibm_kingston;0;True
2026-05-30 19:18:09;ibm_marrakesh;0;True
2026-05-30 20:18:12;ibm_fez;0;True
2026-05-30 20:18:12;ibm_kingston;0;True
2026-05-30 20:18:12;ibm_marrakesh;0;True
2026-05-30 21:18:15;ibm_fez;0;True
2026-05-30 21:18:15;ibm_kingston;0;True
2026-05-30 21:18:15;ibm_marrakesh;0;True
2026-05-30 22:18:17;ibm_fez;0;True
2026-05-30 22:18:17;ibm_kingston;0;True
2026-05-30 22:18:17;ibm_marrakesh;0;True
2026-05-30 23:18:20;ibm_fez;0;True
2026-05-30 23:18:20;ibm_kingston;0;True
2026-05-30 23:18:20;ibm_marrakesh;0;True
2026-05-31 00:18:22;ibm_fez;0;True
2026-05-31 00:18:22;ibm_kingston;0;True
2026-05-31 00:18:22;ibm_marrakesh;0;True
2026-05-31 01:18:25;ibm_fez;0;True
2026-05-31 01:18:25;ibm_kingston;0;True
2026-05-31 01:18:25;ibm_marrakesh;0;True
2026-05-31 02:18:28;ibm_fez;0;True
2026-05-31 02:18:28;ibm_kingston;0;True
2026-05-31 02:18:28;ibm_marrakesh;0;True
2026-05-31 03:18:30;ibm_fez;0;True
2026-05-31 03:18:30;ibm_kingston;0;True
2026-05-31 03:18:30;ibm_marrakesh;0;True
2026-05-31 04:18:33;ibm_fez;0;True
2026-05-31 04:18:33;ibm_kingston;0;True
2026-05-31 04:18:33;ibm_marrakesh;0;True
2026-05-31 05:18:36;ibm_fez;0;True
2026-05-31 05:18:36;ibm_kingston;0;True
2026-05-31 05:18:36;ibm_marrakesh;0;True
2026-05-31 06:18:38;ibm_fez;0;True
2026-05-31 06:18:38;ibm_kingston;0;True
2026-05-31 06:18:38;ibm_marrakesh;0;True
2026-05-31 07:18:41;ibm_fez;0;True
2026-05-31 07:18:41;ibm_kingston;0;True
2026-05-31 07:18:41;ibm_marrakesh;0;True
2026-05-31 08:18:43;ibm_fez;0;True
2026-05-31 08:18:43;ibm_kingston;0;True
2026-05-31 08:18:43;ibm_marrakesh;0;True
2026-05-31 09:18:47;ibm_fez;0;True
2026-05-31 09:18:47;ibm_kingston;0;True
2026-05-31 09:18:47;ibm_marrakesh;0;True
2026-05-31 10:18:50;ibm_fez;0;True
2026-05-31 10:18:50;ibm_kingston;0;True
2026-05-31 10:18:50;ibm_marrakesh;0;True
2026-05-31 11:18:53;ibm_fez;0;True
2026-05-31 11:18:53;ibm_kingston;0;True
2026-05-31 11:18:53;ibm_marrakesh;0;True
2026-05-31 12:18:55;ibm_fez;0;True
2026-05-31 12:18:55;ibm_kingston;0;True
2026-05-31 12:18:55;ibm_marrakesh;0;True
2026-05-31 13:18:58;ibm_fez;0;True
2026-05-31 13:18:58;ibm_kingston;0;True
2026-05-31 13:18:58;ibm_marrakesh;0;True
2026-05-31 14:19:00;ibm_fez;0;True
2026-05-31 14:19:00;ibm_kingston;0;True
2026-05-31 14:19:00;ibm_marrakesh;0;True
2026-05-31 15:19:03;ibm_fez;0;True
2026-05-31 15:19:03;ibm_kingston;0;True
2026-05-31 15:19:03;ibm_marrakesh;0;True
2026-05-31 16:19:05;ibm_fez;0;True
2026-05-31 16:19:05;ibm_kingston;0;True
2026-05-31 16:19:05;ibm_marrakesh;0;True
2026-05-31 17:19:08;ibm_fez;0;True
2026-05-31 17:19:08;ibm_kingston;0;True
2026-05-31 17:19:08;ibm_marrakesh;0;True
2026-05-31 18:19:10;ibm_fez;0;True
2026-05-31 18:19:10;ibm_kingston;0;True
2026-05-31 18:19:10;ibm_marrakesh;0;True
2026-05-31 19:19:13;ibm_fez;0;True
2026-05-31 19:19:13;ibm_kingston;0;True
2026-05-31 19:19:13;ibm_marrakesh;0;True
2026-05-31 20:19:15;ibm_fez;0;True
2026-05-31 20:19:15;ibm_kingston;0;True
2026-05-31 20:19:15;ibm_marrakesh;0;True
2026-05-31 21:19:18;ibm_fez;0;True
2026-05-31 21:19:18;ibm_kingston;0;True
2026-05-31 21:19:18;ibm_marrakesh;0;True
2026-05-31 22:19:20;ibm_fez;0;True
2026-05-31 22:19:20;ibm_kingston;0;True
2026-05-31 22:19:20;ibm_marrakesh;0;True
2026-05-31 23:19:23;ibm_fez;0;True
2026-05-31 23:19:23;ibm_kingston;0;True
2026-05-31 23:19:23;ibm_marrakesh;0;True
2026-06-01 00:19:25;ibm_fez;0;True
2026-06-01 00:19:25;ibm_kingston;0;True
2026-06-01 00:19:25;ibm_marrakesh;0;True
2026-06-01 01:19:31;ibm_fez;0;True
2026-06-01 01:19:31;ibm_kingston;0;True
2026-06-01 01:19:31;ibm_marrakesh;0;True
2026-06-01 02:19:33;ibm_fez;0;True
2026-06-01 02:19:33;ibm_kingston;0;True
2026-06-01 02:19:33;ibm_marrakesh;0;True
2026-06-01 03:19:35;ibm_fez;0;True
2026-06-01 03:19:35;ibm_kingston;0;True
2026-06-01 03:19:35;ibm_marrakesh;0;True
2026-06-01 04:19:38;ibm_fez;0;True
2026-06-01 04:19:38;ibm_kingston;0;True
2026-06-01 04:19:38;ibm_marrakesh;0;True
2026-06-01 05:19:43;ibm_fez;0;True
2026-06-01 05:19:43;ibm_kingston;0;True
2026-06-01 05:19:43;ibm_marrakesh;0;True
2026-06-01 06:19:45;ibm_fez;0;True
2026-06-01 06:19:45;ibm_kingston;0;True
2026-06-01 06:19:45;ibm_marrakesh;0;True
2026-06-01 07:19:48;ibm_fez;0;True
2026-06-01 07:19:48;ibm_kingston;0;True
2026-06-01 07:19:48;ibm_marrakesh;0;True
2026-06-01 08:19:50;ibm_fez;0;True
2026-06-01 08:19:50;ibm_kingston;0;True
2026-06-01 08:19:50;ibm_marrakesh;0;True
2026-06-01 10:48:34;ibm_fez;0;True
2026-06-01 10:48:34;ibm_kingston;0;True
2026-06-01 10:48:34;ibm_marrakesh;0;True
